{"stats":{"minecraft:custom":{"minecraft:time_since_rest":12196,"minecraft:sprint_one_cm":84496,"minecraft:damage_taken":793,"minecraft:walk_one_cm":65566,"minecraft:mob_kills":2,"minecraft:drop":11,"tombstone:raider_killed":1,"minecraft:damage_dealt":805,"minecraft:interact_with_crafting_table":6,"minecraft:fly_one_cm":56408,"minecraft:open_chest":15,"minecraft:crouch_one_cm":747,"minecraft:play_time":42261,"tombstone:undead_killed":1,"minecraft:deaths":1,"minecraft:sneak_time":378,"minecraft:jump":343,"minecraft:damage_dealt_resisted":1798,"minecraft:leave_game":2,"minecraft:time_since_death":15010,"minecraft:sleep_in_bed":1,"minecraft:total_world_time":42261,"minecraft:climb_one_cm":426,"minecraft:fall_one_cm":8953},"minecraft:picked_up":{"minecraft:crafting_table":2,"minecraft:sweet_berries":22,"minecraft:golden_leggings":1,"butchersdelight:cow_hide":1,"minecraft:spruce_fence":1,"minecraft:golden_shovel":1,"minecraft:enchanted_book":2,"minecraft:oak_log":15,"minecraft:spruce_log":8,"minecraft:dirt":12,"biomesoplenty:maple_sapling":1,"minecraft:purple_bed":1,"minecraft:wheat_seeds":3,"minecraft:beef":4,"minecraft:emerald":1,"minecraft:totem_of_undying":1,"farmersdelight:golden_knife":1,"minecraft:iron_sword":1,"minecraft:cobblestone":5},"minecraft:killed_by":{"minecraft:stray":1},"minecraft:mined":{"minecraft:purple_bed":1,"minecraft:spruce_log":5,"biomesoplenty:maple_leaves":6,"minecraft:crafting_table":2,"minecraft:grass":2,"minecraft:oak_log":9,"minecraft:cobblestone":5},"minecraft:killed":{"minecraft:evoker":1,"minecraft:zombie":1},"minecraft:dropped":{"minecraft:dirt":5,"alexsmobs:animal_dictionary":1,"minecraft:iron_chestplate":2,"minecraft:iron_leggings":1,"minecraft:beef":2},"minecraft:crafted":{"minecraft:oak_planks":36,"minecraft:crafting_table":1,"minecraft:spruce_planks":20,"minecraft:stick":4,"minecraft:wooden_pickaxe":1,"minecraft:stone_pickaxe":1},"minecraft:used":{"minecraft:apple":5,"minecraft:bread":2,"minecraft:spruce_planks":3,"minecraft:wooden_pickaxe":5,"minecraft:iron_sword":50,"minecraft:dirt":4,"minecraft:sweet_berries":9,"minecraft:crafting_table":2,"minecraft:potato":21,"minecraft:spruce_fence":1,"minecraft:golden_axe":3,"minecraft:obsidian":2}},"DataVersion":3465}