{"stats":{"minecraft:custom":{"minecraft:interact_with_furnace":4,"minecraft:mob_kills":6,"tombstone:raider_killed":1,"minecraft:interact_with_crafting_table":6,"minecraft:damage_dealt_resisted":1798,"minecraft:leave_game":2,"minecraft:time_since_death":27010,"minecraft:sleep_in_bed":2,"minecraft:climb_one_cm":652,"minecraft:time_since_rest":10117,"minecraft:sprint_one_cm":136452,"minecraft:damage_taken":839,"minecraft:walk_one_cm":88729,"minecraft:drop":16,"minecraft:damage_dealt":1690,"minecraft:swim_one_cm":9629,"minecraft:fly_one_cm":103367,"minecraft:open_chest":15,"minecraft:crouch_one_cm":814,"minecraft:deaths":1,"tombstone:undead_killed":1,"minecraft:play_time":54261,"minecraft:sneak_time":441,"minecraft:walk_under_water_one_cm":1685,"minecraft:jump":589,"minecraft:walk_on_water_one_cm":5101,"minecraft:total_world_time":54261,"minecraft:fall_one_cm":14737},"minecraft:picked_up":{"minecraft:birch_log":9,"minecraft:crafting_table":2,"minecraft:wheat":4,"minecraft:golden_leggings":1,"minecraft:enchanted_book":2,"minecraft:golden_shovel":1,"butchersdelight:deadpig":4,"croptopia:calamari":1,"minecraft:oak_log":15,"minecraft:dirt":12,"butchersdelight:deadchiken":2,"minecraft:wheat_seeds":16,"minecraft:beef":4,"farmersdelight:golden_knife":2,"minecraft:iron_sword":1,"minecraft:stick":4,"minecraft:sweet_berries":22,"minecraft:spruce_fence":1,"butchersdelight:cow_hide":1,"minecraft:golden_axe":1,"minecraft:ink_sac":2,"minecraft:spruce_log":8,"butchersdelight:sheephide":6,"biomesoplenty:maple_sapling":1,"butchersdelight:deadsheep":3,"minecraft:purple_bed":2,"croptopia:orange":3,"minecraft:totem_of_undying":1,"minecraft:emerald":1,"minecraft:black_wool":1,"minecraft:mutton":2,"minecraft:white_wool":2,"minecraft:cobblestone":7},"minecraft:killed_by":{"minecraft:stray":1},"minecraft:mined":{"minecraft:glass_pane":1,"minecraft:crafting_table":2,"minecraft:grass_block":2,"minecraft:cobblestone":7,"minecraft:purple_bed":1,"minecraft:spruce_log":5,"biomesoplenty:maple_leaves":6,"minecraft:grass":10,"minecraft:oak_log":9},"minecraft:dropped":{"minecraft:wheat_seeds":1,"alexsmobs:animal_dictionary":1,"butchersdelight:sheephide":3,"minecraft:golden_axe":1,"minecraft:dirt":5,"farmersdelight:golden_knife":1,"minecraft:iron_chestplate":2,"minecraft:purple_bed":1,"minecraft:iron_leggings":1,"minecraft:beef":2},"minecraft:killed":{"minecraft:evoker":1,"minecraft:squid":1,"minecraft:sheep":3,"minecraft:zombie":1},"minecraft:crafted":{"minecraft:cooked_beef":2,"minecraft:oak_planks":60,"minecraft:crafting_table":1,"minecraft:spruce_planks":20,"minecraft:wooden_pickaxe":1,"minecraft:cooked_mutton":2,"minecraft:air":0,"minecraft:stick":4,"minecraft:stone_pickaxe":1},"minecraft:used":{"minecraft:stone_pickaxe":2,"farmersdelight:golden_knife":1,"minecraft:spruce_planks":3,"minecraft:wooden_pickaxe":5,"minecraft:iron_sword":79,"minecraft:dirt":4,"minecraft:crafting_table":2,"minecraft:spruce_fence":1,"minecraft:obsidian":2,"minecraft:apple":5,"minecraft:bread":5,"minecraft:sweet_berries":9,"minecraft:cooked_beef":1,"minecraft:potato":21,"minecraft:golden_axe":5}},"DataVersion":3465}