{"stats":{"minecraft:used":{"minecraft:spruce_planks":6,"minecraft:shield":2,"minecraft:iron_sword":239,"minecraft:rotten_flesh":4,"minecraft:cooked_chicken":2,"minecraft:torch":12,"minecraft:dirt":4,"minecraft:spruce_fence":1,"minecraft:obsidian":2,"minecraft:totem_of_undying":1,"minecraft:sweet_berries":9,"minecraft:furnace":1,"tombstone:gift":4,"minecraft:cooked_beef":5,"minecraft:potato":28,"minecraft:golden_axe":5,"minecraft:cooked_mutton":2,"minecraft:iron_ore":1,"minecraft:stone_pickaxe":19,"minecraft:oak_planks":6,"minecraft:baked_potato":4,"farmersdelight:golden_knife":2,"minecraft:wooden_pickaxe":5,"minecraft:diamond_axe":1,"minecraft:golden_apple":5,"minecraft:crafting_table":5,"minecraft:spruce_log":27,"croptopia:orange":3,"minecraft:diamond_pickaxe":3,"minecraft:apple":5,"minecraft:bread":9,"minecraft:iron_pickaxe":38,"tombstone:grave_key":1,"farmersdelight:ham":4,"minecraft:diamond_sword":158,"minecraft:potion":1,"minecraft:purple_bed":1,"minecraft:cooked_porkchop":6,"minecraft:cooked_rabbit":3},"minecraft:mined":{"minecraft:deepslate_diamond_ore":5,"minecraft:grass_block":2,"minecraft:oak_pressure_plate":1,"minecraft:spruce_leaves":8,"minecraft:spawner":16,"minecraft:furnace":1,"minecraft:iron_ore":9,"minecraft:fire":4,"minecraft:deepslate_lapis_ore":4,"minecraft:nether_brick_stairs":1,"minecraft:bookshelf":1,"minecraft:deepslate_iron_ore":6,"minecraft:iron_bars":7,"minecraft:glass_pane":1,"minecraft:soul_sand":1,"biomesoplenty:glowworm_silk":2,"minecraft:soul_fire":1,"minecraft:crafting_table":2,"minecraft:cobblestone":7,"minecraft:oak_planks":1,"minecraft:diorite":1,"minecraft:wall_torch":1,"supplementaries:urn":3,"minecraft:purple_bed":2,"minecraft:spruce_log":5,"biomesoplenty:maple_leaves":6,"minecraft:grass":10,"minecraft:oak_log":9,"minecraft:cobweb":20,"minecraft:deepslate":4,"luckytntmod:gunpowder_ore":2},"minecraft:crafted":{"minecraft:oak_planks":60,"minecraft:cooked_chicken":2,"minecraft:furnace":1,"minecraft:cooked_mutton":2,"tombstone:grave_key":1,"minecraft:stone_pickaxe":1,"minecraft:cooked_beef":2,"minecraft:cooked_porkchop":6,"minecraft:crafting_table":1,"minecraft:spruce_planks":20,"minecraft:wooden_pickaxe":1,"minecraft:air":0,"minecraft:stick":4},"minecraft:broken":{"minecraft:golden_axe":1,"minecraft:iron_helmet":1},"minecraft:dropped":{"minecraft:iron_sword":2,"minecraft:wheat_seeds":1,"butchersdelight:sheephide":3,"minecraft:golden_axe":1,"minecraft:dirt":5,"farmersdelight:golden_knife":1,"minecraft:iron_leggings":1,"butchersdelight:cow_hide":1,"tombstone:familiar_stone":1,"alexsmobs:animal_dictionary":1,"minecraft:wheat":4,"minecraft:diamond_sword":1,"minecraft:potato":7,"minecraft:iron_chestplate":3,"minecraft:purple_bed":1,"minecraft:chainmail_boots":1,"minecraft:beef":2},"minecraft:custom":{"minecraft:mob_kills":48,"minecraft:interact_with_crafting_table":12,"minecraft:open_barrel":3,"minecraft:damage_dealt_resisted":2108,"minecraft:eat_cake_slice":2,"minecraft:leave_game":3,"minecraft:time_since_death":44862,"minecraft:climb_one_cm":652,"minecraft:sprint_one_cm":440964,"minecraft:walk_one_cm":287832,"minecraft:damage_blocked_by_shield":43,"minecraft:drop":25,"minecraft:play_time":128350,"minecraft:deaths":3,"minecraft:sneak_time":2734,"minecraft:walk_under_water_one_cm":4652,"minecraft:jump":1463,"minecraft:walk_on_water_one_cm":26261,"minecraft:total_world_time":128350,"minecraft:interact_with_furnace":11,"tombstone:raider_killed":1,"minecraft:sleep_in_bed":4,"minecraft:time_since_rest":6,"minecraft:damage_taken":5716,"minecraft:damage_absorbed":197,"minecraft:damage_dealt":12236,"minecraft:swim_one_cm":21664,"minecraft:fly_one_cm":226034,"minecraft:open_chest":68,"minecraft:crouch_one_cm":4416,"tombstone:undead_killed":35,"minecraft:fall_one_cm":33181},"minecraft:killed":{"minecraft:evoker":1,"minecraft:cave_spider":1,"minecraft:spider":4,"minecraft:skeleton":7,"artifacts:mimic":1,"minecraft:creeper":1,"minecraft:squid":1,"minecraft:sheep":3,"minecraft:zombie":25,"minecraft:stray":1,"minecraft:glow_squid":1,"minecraft:wither_skeleton":2},"minecraft:killed_by":{"minecraft:player":1,"minecraft:stray":1},"minecraft:picked_up":{"minecraft:crafting_table":2,"minecraft:wheat":4,"minecraft:chainmail_boots":1,"minecraft:chicken":2,"minecraft:diamond_sword":1,"occultism:raw_silver":1,"minecraft:enchanted_book":5,"minecraft:golden_shovel":1,"croptopia:calamari":1,"minecraft:string":3,"alexsmobs:ancient_dart":2,"artifacts:power_glove":1,"minecraft:red_nether_bricks":1,"minecraft:iron_shovel":1,"minecraft:experience_bottle":9,"minecraft:candle":1,"minecraft:cobbled_deepslate":5,"minecraft:beef":4,"minecraft:iron_pickaxe":1,"farmersdelight:golden_knife":2,"minecraft:furnace":1,"minecraft:raw_iron":13,"minecraft:stick":4,"minecraft:torch":2,"minecraft:spruce_fence":1,"minecraft:porkchop":6,"minecraft:golden_axe":1,"tombstone:grave_dust":5,"minecraft:diorite":1,"minecraft:arrow":2,"butchersdelight:deadsheep":3,"minecraft:rotten_flesh":29,"minecraft:nether_bricks":2,"minecraft:gold_ingot":6,"minecraft:totem_of_undying":1,"minecraft:mutton":2,"minecraft:iron_bars":5,"minecraft:white_wool":2,"minecraft:cobblestone":9,"minecraft:birch_log":9,"minecraft:feather":4,"minecraft:golden_leggings":1,"croptopia:glowing_calamari":3,"minecraft:potato":1,"paraglider:spirit_orb":11,"butchersdelight:deadpig":4,"minecraft:oak_log":15,"minecraft:chainmail_chestplate":1,"supplementaries:flax_seeds":2,"minecraft:gunpowder":8,"minecraft:cobblestone_stairs":1,"minecraft:lapis_lazuli":23,"minecraft:dirt":12,"butchersdelight:deadchiken":2,"minecraft:bone":9,"minecraft:bow":1,"minecraft:wheat_seeds":16,"minecraft:wild_armor_trim_smithing_template":2,"minecraft:iron_ore":1,"minecraft:oak_planks":1,"minecraft:iron_sword":3,"minecraft:sweet_berries":22,"butchersdelight:cow_hide":2,"minecraft:gravel":1,"minecraft:nether_brick_stairs":2,"minecraft:ink_sac":2,"minecraft:spruce_log":98,"farmersdelight:ham":4,"minecraft:bundle":1,"butchersdelight:sheephide":6,"biomesoplenty:maple_sapling":1,"minecraft:purple_bed":3,"minecraft:diamond":5,"tombstone:familiar_stone":2,"croptopia:orange":3,"minecraft:granite":6,"minecraft:emerald":1,"minecraft:chainmail_helmet":1,"minecraft:black_wool":1,"minecraft:bricks":1,"minecraft:ender_pearl":1}},"DataVersion":3465}