{"stats":{"minecraft:mined":{"minecraft:grass_block":2,"minecraft:oak_pressure_plate":1,"minecraft:spruce_leaves":8,"minecraft:spawner":13,"minecraft:furnace":1,"minecraft:fire":4,"minecraft:nether_brick_stairs":1,"minecraft:bookshelf":1,"minecraft:iron_bars":7,"minecraft:glass_pane":1,"minecraft:soul_sand":1,"minecraft:soul_fire":1,"minecraft:crafting_table":2,"minecraft:cobblestone":7,"minecraft:wall_torch":1,"minecraft:purple_bed":2,"minecraft:spruce_log":5,"biomesoplenty:maple_leaves":6,"minecraft:grass":10,"minecraft:oak_log":9},"minecraft:used":{"minecraft:spruce_planks":6,"minecraft:shield":2,"minecraft:iron_sword":239,"minecraft:cooked_chicken":2,"minecraft:torch":12,"minecraft:dirt":4,"minecraft:spruce_fence":1,"minecraft:obsidian":2,"minecraft:totem_of_undying":1,"minecraft:sweet_berries":9,"minecraft:furnace":1,"tombstone:gift":4,"minecraft:cooked_beef":5,"minecraft:potato":21,"minecraft:golden_axe":5,"minecraft:cooked_mutton":2,"minecraft:stone_pickaxe":19,"minecraft:oak_planks":6,"minecraft:baked_potato":3,"farmersdelight:golden_knife":2,"minecraft:wooden_pickaxe":5,"minecraft:golden_apple":4,"minecraft:crafting_table":4,"minecraft:spruce_log":5,"croptopia:orange":3,"minecraft:diamond_pickaxe":2,"minecraft:apple":5,"minecraft:bread":9,"minecraft:iron_pickaxe":5,"tombstone:grave_key":1,"minecraft:diamond_sword":80,"minecraft:potion":1,"minecraft:purple_bed":1,"minecraft:cooked_porkchop":2,"minecraft:cooked_rabbit":3},"minecraft:crafted":{"minecraft:oak_planks":60,"minecraft:cooked_chicken":2,"minecraft:furnace":1,"minecraft:cooked_mutton":2,"tombstone:grave_key":1,"minecraft:stone_pickaxe":1,"minecraft:cooked_beef":2,"minecraft:cooked_porkchop":6,"minecraft:crafting_table":1,"minecraft:spruce_planks":20,"minecraft:wooden_pickaxe":1,"minecraft:air":0,"minecraft:stick":4},"minecraft:broken":{"minecraft:golden_axe":1,"minecraft:iron_helmet":1},"minecraft:dropped":{"minecraft:iron_sword":2,"minecraft:wheat_seeds":1,"butchersdelight:sheephide":3,"minecraft:golden_axe":1,"minecraft:dirt":5,"farmersdelight:golden_knife":1,"minecraft:iron_leggings":1,"tombstone:familiar_stone":1,"alexsmobs:animal_dictionary":1,"minecraft:wheat":4,"minecraft:diamond_sword":1,"minecraft:potato":7,"minecraft:iron_chestplate":3,"minecraft:purple_bed":1,"minecraft:chainmail_boots":1,"minecraft:beef":2},"minecraft:custom":{"minecraft:mob_kills":29,"minecraft:interact_with_crafting_table":12,"minecraft:damage_dealt_resisted":2108,"minecraft:leave_game":3,"minecraft:time_since_death":20862,"minecraft:climb_one_cm":652,"minecraft:sprint_one_cm":325113,"minecraft:walk_one_cm":234489,"minecraft:damage_blocked_by_shield":43,"minecraft:drop":24,"minecraft:play_time":104350,"minecraft:deaths":3,"minecraft:sneak_time":2120,"minecraft:walk_under_water_one_cm":1726,"minecraft:jump":1027,"minecraft:walk_on_water_one_cm":12481,"minecraft:total_world_time":104350,"minecraft:interact_with_furnace":9,"tombstone:raider_killed":1,"minecraft:sleep_in_bed":2,"minecraft:time_since_rest":20395,"minecraft:damage_taken":5071,"minecraft:damage_absorbed":197,"minecraft:damage_dealt":8078,"minecraft:swim_one_cm":10183,"minecraft:fly_one_cm":168771,"minecraft:open_chest":63,"minecraft:crouch_one_cm":3056,"tombstone:undead_killed":22,"minecraft:fall_one_cm":22077},"minecraft:killed":{"minecraft:evoker":1,"minecraft:spider":1,"minecraft:skeleton":4,"minecraft:creeper":1,"minecraft:squid":1,"minecraft:sheep":3,"minecraft:zombie":15,"minecraft:stray":1,"minecraft:wither_skeleton":2},"minecraft:killed_by":{"minecraft:player":1,"minecraft:stray":1},"minecraft:picked_up":{"minecraft:crafting_table":2,"minecraft:wheat":4,"minecraft:chainmail_boots":1,"minecraft:chicken":2,"minecraft:diamond_sword":1,"minecraft:enchanted_book":5,"minecraft:golden_shovel":1,"croptopia:calamari":1,"minecraft:string":1,"alexsmobs:ancient_dart":2,"minecraft:red_nether_bricks":1,"minecraft:iron_shovel":1,"minecraft:experience_bottle":9,"minecraft:cobbled_deepslate":1,"minecraft:beef":4,"minecraft:iron_pickaxe":1,"farmersdelight:golden_knife":2,"minecraft:furnace":1,"minecraft:stick":4,"minecraft:torch":2,"minecraft:spruce_fence":1,"minecraft:porkchop":6,"minecraft:golden_axe":1,"tombstone:grave_dust":5,"butchersdelight:deadsheep":3,"minecraft:rotten_flesh":17,"minecraft:nether_bricks":2,"minecraft:gold_ingot":6,"minecraft:totem_of_undying":1,"minecraft:mutton":2,"minecraft:iron_bars":5,"minecraft:white_wool":2,"minecraft:cobblestone":9,"minecraft:birch_log":9,"minecraft:feather":4,"minecraft:golden_leggings":1,"minecraft:potato":1,"paraglider:spirit_orb":11,"butchersdelight:deadpig":4,"minecraft:oak_log":15,"minecraft:chainmail_chestplate":1,"minecraft:cobblestone_stairs":1,"minecraft:dirt":12,"butchersdelight:deadchiken":2,"minecraft:bone":9,"minecraft:wheat_seeds":16,"minecraft:wild_armor_trim_smithing_template":2,"minecraft:iron_sword":3,"minecraft:sweet_berries":22,"butchersdelight:cow_hide":1,"minecraft:gravel":1,"minecraft:nether_brick_stairs":2,"minecraft:ink_sac":2,"minecraft:spruce_log":98,"farmersdelight:ham":4,"minecraft:bundle":1,"butchersdelight:sheephide":6,"biomesoplenty:maple_sapling":1,"minecraft:purple_bed":3,"tombstone:familiar_stone":2,"croptopia:orange":3,"minecraft:granite":6,"minecraft:emerald":1,"minecraft:chainmail_helmet":1,"minecraft:black_wool":1,"minecraft:bricks":1,"minecraft:ender_pearl":1}},"DataVersion":3465}