{"stats":{"minecraft:broken":{"minecraft:iron_chestplate":1,"minecraft:golden_axe":1,"minecraft:iron_helmet":2},"minecraft:used":{"minecraft:spruce_planks":13,"minecraft:shield":28,"minecraft:stone":1,"minecraft:iron_sword":333,"minecraft:cooked_chicken":2,"minecraft:rotten_flesh":56,"minecraft:torch":88,"minecraft:dirt":4,"minecraft:carrot":11,"minecraft:spruce_fence":1,"minecraft:obsidian":2,"minecraft:totem_of_undying":1,"supplementaries:bomb_blue":1,"minecraft:bow":48,"minecraft:sweet_berries":9,"minecraft:furnace":1,"tombstone:gift":4,"minecraft:egg":6,"minecraft:cooked_beef":15,"minecraft:potato":32,"minecraft:golden_axe":5,"minecraft:cooked_mutton":2,"minecraft:iron_ore":1,"minecraft:baked_potato":4,"minecraft:oak_planks":72,"minecraft:stone_pickaxe":19,"farmersdelight:golden_knife":2,"minecraft:wooden_pickaxe":5,"minecraft:diamond_axe":32,"minecraft:golden_apple":14,"minecraft:crafting_table":6,"supplementaries:bomb":1,"croptopia:orange":3,"minecraft:spruce_log":27,"tombstone:bag_of_seeds":1,"minecraft:diamond_pickaxe":357,"minecraft:apple":7,"minecraft:bread":16,"minecraft:iron_pickaxe":76,"paraglider:kakariko_goddess_statue":2,"tombstone:grave_key":1,"farmersdelight:ham":4,"minecraft:diamond_sword":574,"minecraft:potion":1,"minecraft:purple_bed":2,"minecraft:porkchop":1,"minecraft:cooked_porkchop":6,"minecraft:cooked_rabbit":3,"minecraft:candle":1,"minecraft:experience_bottle":9},"minecraft:killed_by":{"minecraft:player":1,"minecraft:wither_skeleton":1,"minecraft:stray":1},"minecraft:mined":{"minecraft:mossy_cobblestone":38,"minecraft:deepslate_diamond_ore":5,"minecraft:obsidian":1,"minecraft:granite":6,"minecraft:nether_bricks":19,"minecraft:grass_block":2,"minecraft:oak_pressure_plate":1,"minecraft:coal_block":1,"minecraft:spruce_leaves":8,"minecraft:chiseled_stone_bricks":1,"minecraft:spawner":91,"minecraft:large_fern":1,"minecraft:furnace":1,"minecraft:mossy_cobblestone_stairs":7,"minecraft:iron_ore":9,"minecraft:fire":4,"minecraft:andesite":16,"minecraft:deepslate_lapis_ore":4,"minecraft:nether_brick_stairs":6,"minecraft:nether_brick_fence":1,"minecraft:mossy_stone_brick_stairs":10,"minecraft:bookshelf":2,"minecraft:deepslate_iron_ore":6,"minecraft:vine":13,"biomesoplenty:webbing":11,"minecraft:iron_bars":37,"biomesoplenty:spider_egg":1,"minecraft:stone":46,"create:limestone":3,"minecraft:glass_pane":1,"minecraft:quartz_block":1,"minecraft:soul_sand":2,"biomesoplenty:glowworm_silk":2,"minecraft:soul_fire":1,"minecraft:crafting_table":4,"minecraft:torch":3,"minecraft:calcite":3,"minecraft:cobblestone":9,"minecraft:bricks":2,"minecraft:oak_planks":12,"minecraft:diorite":13,"minecraft:wall_torch":2,"supplementaries:urn":3,"minecraft:purple_bed":4,"minecraft:nether_wart_block":1,"paraglider:kakariko_goddess_statue":3,"minecraft:spruce_log":5,"biomesoplenty:maple_leaves":6,"minecraft:stone_brick_stairs":9,"minecraft:grass":17,"minecraft:oak_log":9,"minecraft:coal_ore":3,"minecraft:gravel":6,"biomesoplenty:stringy_cobweb":4,"minecraft:cobweb":21,"minecraft:cracked_stone_bricks":16,"minecraft:polished_andesite":1,"minecraft:stone_bricks":9,"minecraft:netherrack":4,"minecraft:mossy_stone_bricks":36,"minecraft:gold_ore":1,"minecraft:deepslate":5,"luckytntmod:gunpowder_ore":2},"minecraft:killed":{"minecraft:evoker":1,"minecraft:cave_spider":15,"minecraft:witch":1,"alexsmobs:raccoon":1,"minecraft:spider":31,"minecraft:skeleton":48,"minecraft:silverfish":1,"artifacts:mimic":1,"minecraft:husk":1,"alexsmobs:grizzly_bear":1,"untamedwilds:big_cat":1,"minecraft:creeper":1,"minecraft:squid":1,"minecraft:sheep":5,"alexsmobs:cockroach":1,"minecraft:zombie":70,"minecraft:stray":20,"minecraft:glow_squid":1,"minecraft:wither_skeleton":18,"minecraft:enderman":2},"minecraft:picked_up":{"minecraft:crafting_table":6,"minecraft:wheat":4,"minecraft:chainmail_boots":1,"minecraft:chicken":2,"minecraft:diamond_sword":3,"occultism:raw_silver":1,"minecraft:golden_shovel":1,"minecraft:potion":2,"minecraft:enchanted_book":6,"croptopia:calamari":1,"minecraft:shield":1,"minecraft:string":10,"alexsmobs:ancient_dart":2,"artifacts:power_glove":1,"minecraft:red_nether_bricks":2,"minecraft:iron_leggings":1,"minecraft:iron_shovel":1,"minecraft:experience_bottle":9,"butchersdelight:dead_cow":3,"supplementaries:bomb":1,"minecraft:cracked_stone_bricks":3,"minecraft:candle":1,"minecraft:cobbled_deepslate":5,"minecraft:beef":10,"minecraft:iron_nugget":7,"minecraft:iron_pickaxe":2,"minecraft:chest":1,"farmersdelight:golden_knife":2,"minecraft:furnace":1,"minecraft:egg":6,"minecraft:tipped_arrow":1,"minecraft:stick":4,"minecraft:raw_iron":13,"minecraft:stone":3,"minecraft:torch":7,"paraglider:kakariko_goddess_statue":3,"minecraft:spruce_fence":1,"minecraft:porkchop":8,"minecraft:golden_axe":1,"tombstone:grave_dust":12,"minecraft:diorite":1,"minecraft:golden_chestplate":1,"butchersdelight:deadsheep":5,"minecraft:arrow":79,"minecraft:rotten_flesh":92,"minecraft:nether_bricks":8,"minecraft:diamond_boots":1,"minecraft:totem_of_undying":1,"tombstone:essence_of_undeath":2,"minecraft:gold_ingot":6,"supplementaries:ash":7,"minecraft:mutton":4,"minecraft:iron_bars":15,"minecraft:white_wool":4,"minecraft:cobblestone":12,"minecraft:birch_log":9,"minecraft:air":8,"minecraft:feather":4,"minecraft:orange_carpet":2,"minecraft:golden_leggings":1,"alexsmobs:bear_fur":3,"croptopia:glowing_calamari":3,"minecraft:potato":2,"paraglider:spirit_orb":51,"butchersdelight:deadpig":4,"minecraft:oak_log":15,"minecraft:chainmail_chestplate":2,"supplementaries:flax_seeds":2,"minecraft:gunpowder":8,"minecraft:cobblestone_stairs":1,"minecraft:lapis_lazuli":23,"minecraft:dirt":12,"tombstone:gift":2,"butchersdelight:deadchiken":2,"minecraft:bone":55,"minecraft:bow":4,"minecraft:wheat_seeds":16,"minecraft:wild_armor_trim_smithing_template":2,"minecraft:iron_ingot":11,"minecraft:iron_ore":1,"untamedwilds:hide_tan":3,"minecraft:mossy_stone_bricks":2,"minecraft:soul_sand":1,"minecraft:iron_sword":3,"minecraft:oak_planks":12,"minecraft:mossy_stone_brick_stairs":1,"minecraft:sweet_berries":22,"minecraft:gravel":1,"butchersdelight:cow_hide":6,"minecraft:nether_brick_stairs":3,"minecraft:ink_sac":2,"minecraft:spruce_log":98,"farmersdelight:ham":6,"minecraft:spider_eye":5,"minecraft:bundle":1,"butchersdelight:sheephide":8,"biomesoplenty:maple_sapling":1,"minecraft:purple_bed":6,"tombstone:familiar_stone":3,"minecraft:diamond":5,"minecraft:chainmail_leggings":1,"croptopia:orange":3,"minecraft:granite":6,"minecraft:emerald":1,"minecraft:chainmail_helmet":1,"tombstone:magic_scroll":1,"minecraft:black_wool":1,"minecraft:bricks":3,"minecraft:coal":25,"minecraft:ender_pearl":3},"minecraft:dropped":{"minecraft:bread":3,"minecraft:iron_sword":3,"minecraft:wheat_seeds":1,"butchersdelight:sheephide":3,"minecraft:crafting_table":3,"minecraft:golden_axe":1,"minecraft:dirt":5,"farmersdelight:golden_knife":1,"minecraft:torch":2,"minecraft:iron_leggings":1,"minecraft:string":1,"butchersdelight:cow_hide":2,"minecraft:bone":33,"tombstone:familiar_stone":1,"alexsmobs:animal_dictionary":1,"minecraft:wheat":4,"tombstone:gift":1,"minecraft:rotten_flesh":2,"minecraft:iron_boots":1,"minecraft:carrot":3,"minecraft:diamond_sword":2,"minecraft:potato":7,"minecraft:iron_chestplate":3,"minecraft:mossy_stone_bricks":2,"minecraft:purple_bed":2,"minecraft:chainmail_boots":1,"minecraft:bow":2,"minecraft:beef":2,"farmersdelight:ham":2},"minecraft:crafted":{"minecraft:oak_planks":60,"minecraft:cooked_chicken":2,"minecraft:furnace":1,"minecraft:cooked_mutton":4,"tombstone:grave_key":1,"minecraft:stone_pickaxe":1,"sophisticatedbackpacks:iron_backpack":1,"minecraft:cooked_beef":8,"minecraft:cooked_porkchop":9,"minecraft:crafting_table":2,"minecraft:spruce_planks":20,"minecraft:wooden_pickaxe":1,"sophisticatedbackpacks:gold_backpack":1,"minecraft:air":0,"aquaculture:iron_fillet_knife":1,"sophisticatedbackpacks:diamond_backpack":1,"minecraft:stick":4},"minecraft:custom":{"minecraft:interact_with_smithing_table":1,"minecraft:mob_kills":231,"minecraft:interact_with_crafting_table":25,"minecraft:open_barrel":4,"minecraft:eat_cake_slice":5,"minecraft:damage_dealt_resisted":3778,"minecraft:leave_game":3,"minecraft:time_since_death":117712,"minecraft:climb_one_cm":10123,"minecraft:sprint_one_cm":1048719,"minecraft:walk_one_cm":654020,"minecraft:damage_blocked_by_shield":828,"minecraft:drop":46,"minecraft:play_time":262401,"minecraft:sneak_time":7495,"minecraft:deaths":5,"minecraft:walk_under_water_one_cm":7123,"minecraft:jump":3297,"minecraft:walk_on_water_one_cm":47976,"minecraft:total_world_time":262401,"minecraft:interact_with_furnace":17,"tombstone:raider_killed":2,"minecraft:sleep_in_bed":7,"minecraft:time_since_rest":3597,"minecraft:damage_absorbed":528,"minecraft:damage_taken":10659,"minecraft:damage_dealt":48426,"tombstone:cast_on_ally":0,"minecraft:swim_one_cm":33579,"minecraft:fly_one_cm":563476,"minecraft:open_chest":194,"minecraft:crouch_one_cm":16771,"tombstone:undead_killed":157,"minecraft:fall_one_cm":70110}},"DataVersion":3465}