{"stats":{"minecraft:broken":{"minecraft:iron_chestplate":1,"minecraft:golden_axe":1,"minecraft:iron_helmet":2},"minecraft:used":{"minecraft:spruce_planks":6,"minecraft:shield":27,"minecraft:iron_sword":333,"minecraft:cooked_chicken":2,"minecraft:rotten_flesh":29,"minecraft:torch":31,"minecraft:dirt":4,"minecraft:spruce_fence":1,"minecraft:obsidian":2,"minecraft:totem_of_undying":1,"minecraft:bow":30,"minecraft:sweet_berries":9,"minecraft:furnace":1,"tombstone:gift":4,"minecraft:egg":6,"minecraft:cooked_beef":5,"minecraft:potato":32,"minecraft:golden_axe":5,"minecraft:cooked_mutton":2,"minecraft:iron_ore":1,"minecraft:baked_potato":4,"minecraft:oak_planks":69,"minecraft:stone_pickaxe":19,"farmersdelight:golden_knife":2,"minecraft:wooden_pickaxe":5,"minecraft:diamond_axe":22,"minecraft:golden_apple":12,"minecraft:crafting_table":5,"croptopia:orange":3,"minecraft:spruce_log":27,"minecraft:diamond_pickaxe":206,"minecraft:apple":7,"minecraft:bread":12,"minecraft:iron_pickaxe":76,"tombstone:grave_key":1,"farmersdelight:ham":4,"minecraft:diamond_sword":360,"minecraft:potion":1,"minecraft:purple_bed":1,"minecraft:cooked_porkchop":6,"minecraft:cooked_rabbit":3,"minecraft:candle":1,"minecraft:experience_bottle":9},"minecraft:killed_by":{"minecraft:player":1,"minecraft:wither_skeleton":1,"minecraft:stray":1},"minecraft:mined":{"minecraft:mossy_cobblestone":33,"minecraft:deepslate_diamond_ore":5,"minecraft:nether_bricks":19,"minecraft:grass_block":2,"minecraft:oak_pressure_plate":1,"minecraft:coal_block":1,"minecraft:spruce_leaves":8,"minecraft:spawner":55,"minecraft:furnace":1,"minecraft:mossy_cobblestone_stairs":6,"minecraft:iron_ore":9,"minecraft:fire":4,"minecraft:andesite":16,"minecraft:deepslate_lapis_ore":4,"minecraft:nether_brick_stairs":6,"minecraft:nether_brick_fence":1,"minecraft:mossy_stone_brick_stairs":7,"minecraft:bookshelf":2,"minecraft:deepslate_iron_ore":6,"minecraft:vine":10,"biomesoplenty:webbing":6,"minecraft:iron_bars":13,"biomesoplenty:spider_egg":1,"minecraft:stone":15,"create:limestone":3,"minecraft:glass_pane":1,"minecraft:quartz_block":1,"minecraft:soul_sand":2,"biomesoplenty:glowworm_silk":2,"minecraft:soul_fire":1,"minecraft:crafting_table":3,"minecraft:calcite":3,"minecraft:cobblestone":9,"minecraft:oak_planks":12,"minecraft:diorite":13,"minecraft:wall_torch":2,"supplementaries:urn":3,"minecraft:purple_bed":2,"minecraft:nether_wart_block":1,"minecraft:spruce_log":5,"biomesoplenty:maple_leaves":6,"minecraft:stone_brick_stairs":6,"minecraft:grass":10,"minecraft:oak_log":9,"minecraft:coal_ore":3,"minecraft:gravel":6,"biomesoplenty:stringy_cobweb":4,"minecraft:cobweb":21,"minecraft:cracked_stone_bricks":8,"minecraft:netherrack":4,"minecraft:mossy_stone_bricks":29,"minecraft:gold_ore":1,"minecraft:deepslate":5,"luckytntmod:gunpowder_ore":2},"minecraft:killed":{"minecraft:evoker":1,"minecraft:cave_spider":13,"minecraft:spider":12,"minecraft:skeleton":28,"minecraft:silverfish":1,"artifacts:mimic":1,"minecraft:creeper":1,"minecraft:squid":1,"minecraft:sheep":3,"minecraft:zombie":41,"minecraft:stray":14,"minecraft:glow_squid":1,"minecraft:wither_skeleton":18,"minecraft:enderman":1},"minecraft:dropped":{"minecraft:iron_sword":3,"minecraft:wheat_seeds":1,"butchersdelight:sheephide":3,"minecraft:golden_axe":1,"minecraft:dirt":5,"farmersdelight:golden_knife":1,"minecraft:torch":2,"minecraft:iron_leggings":1,"minecraft:string":1,"butchersdelight:cow_hide":2,"minecraft:bone":32,"tombstone:familiar_stone":1,"alexsmobs:animal_dictionary":1,"minecraft:wheat":4,"tombstone:gift":1,"minecraft:rotten_flesh":2,"minecraft:iron_boots":1,"minecraft:diamond_sword":1,"minecraft:potato":7,"minecraft:iron_chestplate":3,"minecraft:purple_bed":2,"minecraft:chainmail_boots":1,"minecraft:bow":2,"minecraft:beef":2},"minecraft:picked_up":{"minecraft:crafting_table":3,"minecraft:wheat":4,"minecraft:chainmail_boots":1,"minecraft:chicken":2,"minecraft:diamond_sword":3,"occultism:raw_silver":1,"minecraft:golden_shovel":1,"minecraft:potion":2,"minecraft:enchanted_book":6,"croptopia:calamari":1,"minecraft:string":4,"alexsmobs:ancient_dart":2,"artifacts:power_glove":1,"minecraft:red_nether_bricks":2,"minecraft:iron_leggings":1,"minecraft:iron_shovel":1,"minecraft:experience_bottle":9,"supplementaries:bomb":1,"minecraft:cracked_stone_bricks":2,"minecraft:candle":1,"minecraft:cobbled_deepslate":5,"minecraft:beef":4,"minecraft:iron_nugget":7,"minecraft:iron_pickaxe":2,"minecraft:chest":1,"farmersdelight:golden_knife":2,"minecraft:furnace":1,"minecraft:egg":6,"minecraft:tipped_arrow":1,"minecraft:stick":4,"minecraft:raw_iron":13,"minecraft:stone":1,"minecraft:torch":5,"minecraft:spruce_fence":1,"minecraft:porkchop":6,"minecraft:golden_axe":1,"tombstone:grave_dust":8,"minecraft:diorite":1,"butchersdelight:deadsheep":3,"minecraft:arrow":52,"minecraft:rotten_flesh":44,"minecraft:nether_bricks":8,"minecraft:diamond_boots":1,"minecraft:totem_of_undying":1,"tombstone:essence_of_undeath":1,"minecraft:gold_ingot":6,"supplementaries:ash":3,"minecraft:mutton":2,"minecraft:iron_bars":7,"minecraft:white_wool":2,"minecraft:cobblestone":9,"minecraft:birch_log":9,"minecraft:feather":4,"minecraft:golden_leggings":1,"croptopia:glowing_calamari":3,"minecraft:potato":1,"paraglider:spirit_orb":17,"butchersdelight:deadpig":4,"minecraft:oak_log":15,"minecraft:chainmail_chestplate":1,"supplementaries:flax_seeds":2,"minecraft:gunpowder":8,"minecraft:cobblestone_stairs":1,"minecraft:lapis_lazuli":23,"minecraft:dirt":12,"tombstone:gift":2,"butchersdelight:deadchiken":2,"minecraft:bone":51,"minecraft:bow":4,"minecraft:wheat_seeds":16,"minecraft:wild_armor_trim_smithing_template":2,"minecraft:iron_ingot":11,"minecraft:iron_ore":1,"minecraft:soul_sand":1,"minecraft:iron_sword":3,"minecraft:oak_planks":12,"minecraft:mossy_stone_brick_stairs":1,"minecraft:sweet_berries":22,"minecraft:gravel":1,"butchersdelight:cow_hide":3,"minecraft:nether_brick_stairs":3,"minecraft:ink_sac":2,"minecraft:spruce_log":98,"farmersdelight:ham":4,"minecraft:bundle":1,"butchersdelight:sheephide":6,"biomesoplenty:maple_sapling":1,"minecraft:purple_bed":4,"tombstone:familiar_stone":3,"minecraft:diamond":5,"croptopia:orange":3,"minecraft:granite":6,"minecraft:emerald":1,"minecraft:chainmail_helmet":1,"tombstone:magic_scroll":1,"minecraft:black_wool":1,"minecraft:bricks":1,"minecraft:coal":21,"minecraft:ender_pearl":3},"minecraft:crafted":{"minecraft:oak_planks":60,"minecraft:cooked_chicken":2,"minecraft:furnace":1,"minecraft:cooked_mutton":2,"tombstone:grave_key":1,"minecraft:stone_pickaxe":1,"minecraft:cooked_beef":2,"minecraft:cooked_porkchop":6,"minecraft:crafting_table":1,"minecraft:spruce_planks":20,"minecraft:wooden_pickaxe":1,"minecraft:air":0,"minecraft:stick":4},"minecraft:custom":{"minecraft:interact_with_smithing_table":1,"minecraft:mob_kills":140,"minecraft:interact_with_crafting_table":12,"minecraft:open_barrel":4,"minecraft:eat_cake_slice":5,"minecraft:damage_dealt_resisted":3116,"minecraft:leave_game":3,"minecraft:time_since_death":33712,"minecraft:climb_one_cm":7337,"minecraft:sprint_one_cm":647435,"minecraft:walk_one_cm":458210,"minecraft:damage_blocked_by_shield":803,"minecraft:drop":37,"minecraft:play_time":178401,"minecraft:sneak_time":5759,"minecraft:deaths":5,"minecraft:walk_under_water_one_cm":5686,"minecraft:jump":1988,"minecraft:walk_on_water_one_cm":33669,"minecraft:total_world_time":178401,"minecraft:interact_with_furnace":11,"tombstone:raider_killed":1,"minecraft:sleep_in_bed":5,"minecraft:time_since_rest":33472,"minecraft:damage_absorbed":447,"minecraft:damage_taken":9599,"minecraft:damage_dealt":30912,"tombstone:cast_on_ally":0,"minecraft:swim_one_cm":29463,"minecraft:fly_one_cm":293048,"minecraft:open_chest":117,"minecraft:crouch_one_cm":13452,"tombstone:undead_killed":101,"minecraft:fall_one_cm":37218}},"DataVersion":3465}