{"stats":{"minecraft:used":{"minecraft:spruce_planks":6,"minecraft:shield":4,"minecraft:iron_sword":285,"minecraft:rotten_flesh":5,"minecraft:cooked_chicken":2,"minecraft:torch":13,"minecraft:dirt":4,"minecraft:spruce_fence":1,"minecraft:obsidian":2,"minecraft:totem_of_undying":1,"minecraft:sweet_berries":9,"minecraft:furnace":1,"tombstone:gift":4,"minecraft:cooked_beef":5,"minecraft:potato":32,"minecraft:golden_axe":5,"minecraft:cooked_mutton":2,"minecraft:iron_ore":1,"minecraft:stone_pickaxe":19,"minecraft:oak_planks":20,"minecraft:baked_potato":4,"farmersdelight:golden_knife":2,"minecraft:wooden_pickaxe":5,"minecraft:diamond_axe":6,"minecraft:golden_apple":7,"minecraft:crafting_table":5,"minecraft:spruce_log":27,"croptopia:orange":3,"minecraft:diamond_pickaxe":3,"minecraft:apple":7,"minecraft:bread":9,"minecraft:iron_pickaxe":59,"tombstone:grave_key":1,"farmersdelight:ham":4,"minecraft:diamond_sword":208,"minecraft:potion":1,"minecraft:purple_bed":1,"minecraft:cooked_porkchop":6,"minecraft:cooked_rabbit":3,"minecraft:candle":1,"minecraft:experience_bottle":9},"minecraft:mined":{"minecraft:mossy_cobblestone":5,"minecraft:deepslate_diamond_ore":5,"minecraft:grass_block":2,"minecraft:oak_pressure_plate":1,"minecraft:spruce_leaves":8,"minecraft:spawner":23,"minecraft:furnace":1,"minecraft:mossy_cobblestone_stairs":1,"minecraft:iron_ore":9,"minecraft:fire":4,"minecraft:deepslate_lapis_ore":4,"minecraft:nether_brick_stairs":1,"minecraft:mossy_stone_brick_stairs":1,"minecraft:bookshelf":1,"minecraft:vine":2,"minecraft:deepslate_iron_ore":6,"biomesoplenty:webbing":5,"minecraft:iron_bars":7,"biomesoplenty:spider_egg":1,"minecraft:glass_pane":1,"minecraft:soul_sand":1,"biomesoplenty:glowworm_silk":2,"minecraft:soul_fire":1,"minecraft:crafting_table":3,"minecraft:cobblestone":8,"minecraft:oak_planks":1,"minecraft:diorite":1,"minecraft:wall_torch":1,"supplementaries:urn":3,"minecraft:purple_bed":2,"minecraft:spruce_log":5,"biomesoplenty:maple_leaves":6,"minecraft:grass":10,"minecraft:coal_ore":3,"minecraft:oak_log":9,"biomesoplenty:stringy_cobweb":2,"minecraft:cobweb":20,"minecraft:mossy_stone_bricks":1,"minecraft:deepslate":4,"luckytntmod:gunpowder_ore":2},"minecraft:crafted":{"minecraft:oak_planks":60,"minecraft:cooked_chicken":2,"minecraft:furnace":1,"minecraft:cooked_mutton":2,"tombstone:grave_key":1,"minecraft:stone_pickaxe":1,"minecraft:cooked_beef":2,"minecraft:cooked_porkchop":6,"minecraft:crafting_table":1,"minecraft:spruce_planks":20,"minecraft:wooden_pickaxe":1,"minecraft:air":0,"minecraft:stick":4},"minecraft:broken":{"minecraft:golden_axe":1,"minecraft:iron_helmet":1},"minecraft:dropped":{"minecraft:iron_sword":2,"minecraft:wheat_seeds":1,"butchersdelight:sheephide":3,"minecraft:golden_axe":1,"minecraft:dirt":5,"farmersdelight:golden_knife":1,"minecraft:iron_leggings":1,"minecraft:string":1,"butchersdelight:cow_hide":1,"tombstone:familiar_stone":1,"alexsmobs:animal_dictionary":1,"minecraft:wheat":4,"minecraft:rotten_flesh":2,"minecraft:diamond_sword":1,"minecraft:potato":7,"minecraft:iron_chestplate":3,"minecraft:purple_bed":1,"minecraft:chainmail_boots":1,"minecraft:bow":1,"minecraft:beef":2},"minecraft:custom":{"minecraft:interact_with_smithing_table":1,"minecraft:mob_kills":78,"minecraft:interact_with_crafting_table":12,"minecraft:open_barrel":4,"minecraft:damage_dealt_resisted":3116,"minecraft:eat_cake_slice":5,"minecraft:leave_game":3,"minecraft:time_since_death":56862,"minecraft:climb_one_cm":1421,"minecraft:sprint_one_cm":472446,"minecraft:walk_one_cm":327500,"minecraft:damage_blocked_by_shield":103,"minecraft:drop":28,"minecraft:play_time":140350,"minecraft:deaths":3,"minecraft:sneak_time":3930,"minecraft:walk_under_water_one_cm":4778,"minecraft:jump":1623,"minecraft:walk_on_water_one_cm":27255,"minecraft:total_world_time":140350,"minecraft:interact_with_furnace":11,"tombstone:raider_killed":1,"minecraft:sleep_in_bed":5,"minecraft:time_since_rest":11914,"minecraft:damage_taken":6012,"minecraft:damage_absorbed":276,"minecraft:damage_dealt":18574,"minecraft:swim_one_cm":23648,"minecraft:fly_one_cm":245826,"minecraft:open_chest":81,"minecraft:crouch_one_cm":8479,"tombstone:undead_killed":55,"minecraft:fall_one_cm":35306},"minecraft:killed":{"minecraft:evoker":1,"minecraft:cave_spider":6,"minecraft:spider":8,"minecraft:skeleton":12,"minecraft:silverfish":1,"artifacts:mimic":1,"minecraft:creeper":1,"minecraft:squid":1,"minecraft:sheep":3,"minecraft:zombie":33,"minecraft:stray":1,"minecraft:glow_squid":1,"minecraft:wither_skeleton":9},"minecraft:killed_by":{"minecraft:player":1,"minecraft:stray":1},"minecraft:picked_up":{"minecraft:crafting_table":3,"minecraft:wheat":4,"minecraft:chainmail_boots":1,"minecraft:chicken":2,"minecraft:diamond_sword":1,"occultism:raw_silver":1,"minecraft:enchanted_book":5,"minecraft:golden_shovel":1,"croptopia:calamari":1,"minecraft:string":4,"alexsmobs:ancient_dart":2,"artifacts:power_glove":1,"minecraft:red_nether_bricks":1,"minecraft:iron_shovel":1,"minecraft:experience_bottle":9,"minecraft:candle":1,"minecraft:cobbled_deepslate":5,"minecraft:beef":4,"minecraft:iron_pickaxe":2,"farmersdelight:golden_knife":2,"minecraft:furnace":1,"minecraft:raw_iron":13,"minecraft:stick":4,"minecraft:torch":2,"minecraft:spruce_fence":1,"minecraft:porkchop":6,"minecraft:golden_axe":1,"tombstone:grave_dust":7,"minecraft:diorite":1,"minecraft:arrow":5,"butchersdelight:deadsheep":3,"minecraft:rotten_flesh":32,"minecraft:nether_bricks":2,"tombstone:essence_of_undeath":1,"minecraft:gold_ingot":6,"minecraft:totem_of_undying":1,"supplementaries:ash":1,"minecraft:mutton":2,"minecraft:iron_bars":5,"minecraft:white_wool":2,"minecraft:cobblestone":9,"minecraft:birch_log":9,"minecraft:feather":4,"minecraft:golden_leggings":1,"croptopia:glowing_calamari":3,"minecraft:potato":1,"paraglider:spirit_orb":15,"butchersdelight:deadpig":4,"minecraft:oak_log":15,"minecraft:chainmail_chestplate":1,"supplementaries:flax_seeds":2,"minecraft:gunpowder":8,"minecraft:cobblestone_stairs":1,"minecraft:lapis_lazuli":23,"minecraft:dirt":12,"tombstone:gift":1,"butchersdelight:deadchiken":2,"minecraft:bone":17,"minecraft:bow":1,"minecraft:wheat_seeds":16,"minecraft:wild_armor_trim_smithing_template":2,"minecraft:iron_ingot":3,"minecraft:iron_ore":1,"minecraft:mossy_stone_brick_stairs":1,"minecraft:oak_planks":1,"minecraft:iron_sword":3,"minecraft:sweet_berries":22,"butchersdelight:cow_hide":2,"minecraft:gravel":1,"minecraft:nether_brick_stairs":2,"minecraft:ink_sac":2,"minecraft:spruce_log":98,"farmersdelight:ham":4,"minecraft:bundle":1,"butchersdelight:sheephide":6,"biomesoplenty:maple_sapling":1,"minecraft:purple_bed":3,"minecraft:diamond":5,"tombstone:familiar_stone":2,"croptopia:orange":3,"minecraft:granite":6,"minecraft:emerald":1,"minecraft:chainmail_helmet":1,"tombstone:magic_scroll":1,"minecraft:black_wool":1,"minecraft:coal":6,"minecraft:bricks":1,"minecraft:ender_pearl":1}},"DataVersion":3465}