{"stats":{"minecraft:broken":{"minecraft:iron_chestplate":1,"minecraft:golden_axe":1,"minecraft:iron_helmet":2},"minecraft:used":{"sophisticatedbackpacks:iron_backpack":1,"minecraft:chest":5,"minecraft:spruce_planks":20,"minecraft:shield":28,"minecraft:iron_sword":333,"minecraft:stone":1,"minecraft:cooked_chicken":2,"minecraft:torch":180,"minecraft:rotten_flesh":56,"minecraft:dirt":4,"minecraft:carrot":11,"minecraft:spruce_fence":1,"minecraft:obsidian":2,"minecraft:totem_of_undying":1,"supplementaries:bomb_blue":2,"minecraft:bow":119,"minecraft:sweet_berries":9,"minecraft:furnace":1,"minecraft:egg":6,"tombstone:gift":4,"minecraft:potato":32,"minecraft:cooked_beef":32,"minecraft:golden_axe":5,"minecraft:cooked_mutton":2,"minecraft:damaged_anvil":2,"minecraft:iron_ore":1,"minecraft:baked_potato":11,"minecraft:oak_planks":72,"minecraft:stone_pickaxe":19,"farmersdelight:golden_knife":2,"minecraft:wooden_pickaxe":5,"minecraft:diamond_axe":40,"minecraft:golden_apple":17,"minecraft:crafting_table":8,"supplementaries:bomb":8,"croptopia:orange":3,"minecraft:spruce_log":27,"tombstone:bag_of_seeds":1,"minecraft:diamond_pickaxe":512,"minecraft:apple":13,"tombstone:magic_scroll":1,"farmersdelight:ham":4,"minecraft:bread":22,"minecraft:iron_pickaxe":76,"tombstone:grave_key":1,"paraglider:kakariko_goddess_statue":3,"minecraft:diamond_sword":949,"minecraft:potion":1,"minecraft:purple_bed":2,"minecraft:porkchop":1,"minecraft:cooked_porkchop":9,"minecraft:cooked_rabbit":3,"minecraft:candle":1,"minecraft:experience_bottle":9},"minecraft:killed_by":{"minecraft:player":1,"minecraft:wither_skeleton":1,"minecraft:stray":1},"minecraft:killed":{"minecraft:evoker":2,"minecraft:vex":11,"minecraft:cave_spider":20,"minecraft:witch":1,"alexsmobs:raccoon":1,"minecraft:spider":42,"minecraft:vindicator":1,"minecraft:skeleton":79,"minecraft:silverfish":1,"artifacts:mimic":1,"minecraft:husk":1,"alexsmobs:grizzly_bear":1,"minecraft:creeper":5,"minecraft:squid":1,"untamedwilds:big_cat":1,"minecraft:sheep":5,"minecraft:zombie":114,"alexsmobs:cockroach":1,"minecraft:stray":22,"minecraft:glow_squid":1,"minecraft:wither_skeleton":19,"minecraft:enderman":2},"minecraft:mined":{"minecraft:tuff":6,"minecraft:mossy_cobblestone":45,"minecraft:deepslate_diamond_ore":11,"minecraft:obsidian":1,"minecraft:stone_brick_wall":1,"minecraft:nether_bricks":19,"minecraft:granite":6,"minecraft:grass_block":2,"sophisticatedbackpacks:iron_backpack":1,"minecraft:oak_pressure_plate":1,"minecraft:coal_block":1,"minecraft:spruce_leaves":19,"minecraft:chiseled_stone_bricks":1,"minecraft:spawner":119,"minecraft:large_fern":1,"minecraft:furnace":1,"minecraft:mossy_cobblestone_stairs":9,"minecraft:iron_ore":9,"minecraft:barrel":1,"minecraft:fire":10,"minecraft:cobbled_deepslate":1,"minecraft:andesite":16,"minecraft:deepslate_lapis_ore":4,"minecraft:gold_block":1,"minecraft:nether_brick_stairs":6,"minecraft:enchanting_table":1,"minecraft:nether_brick_fence":1,"minecraft:mossy_stone_brick_stairs":11,"minecraft:bookshelf":6,"minecraft:deepslate_iron_ore":6,"minecraft:vine":17,"biomesoplenty:webbing":11,"minecraft:iron_bars":49,"minecraft:stone":60,"biomesoplenty:spider_egg":1,"create:limestone":3,"minecraft:glass_pane":1,"minecraft:quartz_block":1,"minecraft:soul_sand":2,"minecraft:infested_stone_bricks":1,"biomesoplenty:glowworm_silk":2,"minecraft:soul_fire":1,"minecraft:stone_brick_slab":1,"minecraft:crafting_table":5,"minecraft:torch":10,"minecraft:calcite":3,"minecraft:chest":1,"minecraft:cobblestone":9,"minecraft:damaged_anvil":3,"minecraft:oak_planks":12,"minecraft:iron_door":2,"minecraft:wall_torch":19,"minecraft:diorite":13,"minecraft:bricks":2,"minecraft:cauldron":1,"supplementaries:urn":7,"minecraft:purple_bed":4,"biomesoplenty:fir_log":1,"minecraft:nether_wart_block":1,"minecraft:spruce_log":5,"paraglider:kakariko_goddess_statue":4,"biomesoplenty:maple_leaves":6,"minecraft:stone_brick_stairs":19,"minecraft:smooth_stone_slab":6,"minecraft:grass":17,"minecraft:coal_ore":3,"minecraft:oak_log":10,"minecraft:gravel":6,"minecraft:cobweb":110,"biomesoplenty:stringy_cobweb":4,"minecraft:cracked_stone_bricks":29,"minecraft:stone_bricks":21,"minecraft:polished_andesite":2,"minecraft:netherrack":4,"minecraft:mossy_stone_bricks":48,"minecraft:gold_ore":1,"minecraft:deepslate":5,"luckytntmod:gunpowder_ore":2},"minecraft:dropped":{"minecraft:bread":3,"minecraft:iron_sword":4,"minecraft:wheat_seeds":1,"butchersdelight:sheephide":3,"minecraft:crafting_table":3,"minecraft:golden_axe":1,"minecraft:dirt":5,"farmersdelight:golden_knife":1,"minecraft:torch":2,"minecraft:iron_leggings":1,"minecraft:string":1,"butchersdelight:cow_hide":2,"minecraft:bone":33,"tombstone:familiar_stone":1,"alexsmobs:animal_dictionary":1,"minecraft:wheat":4,"tombstone:gift":1,"minecraft:rotten_flesh":7,"minecraft:iron_boots":1,"minecraft:carrot":3,"minecraft:diamond_sword":2,"minecraft:potato":7,"minecraft:iron_chestplate":3,"minecraft:mossy_stone_bricks":2,"minecraft:purple_bed":2,"minecraft:chainmail_boots":1,"minecraft:bow":2,"minecraft:beef":2,"farmersdelight:ham":2},"minecraft:picked_up":{"minecraft:iron_chestplate":1,"minecraft:crafting_table":7,"minecraft:wheat":4,"minecraft:chainmail_boots":2,"minecraft:chicken":2,"minecraft:magenta_carpet":2,"minecraft:diamond_sword":6,"minecraft:enchanted_book":8,"minecraft:stone_brick_wall":3,"occultism:raw_silver":1,"minecraft:gold_block":1,"minecraft:potion":2,"minecraft:golden_shovel":1,"croptopia:calamari":1,"minecraft:stone_brick_stairs":10,"minecraft:shield":2,"minecraft:string":126,"alexsmobs:ancient_dart":2,"artifacts:power_glove":1,"minecraft:smooth_stone_slab":5,"minecraft:red_nether_bricks":2,"minecraft:iron_leggings":1,"minecraft:iron_shovel":2,"minecraft:experience_bottle":9,"butchersdelight:dead_cow":3,"supplementaries:bomb":1,"minecraft:cracked_stone_bricks":15,"minecraft:candle":1,"minecraft:cobbled_deepslate":6,"minecraft:beef":10,"minecraft:iron_nugget":35,"minecraft:wooden_shovel":2,"minecraft:iron_pickaxe":2,"minecraft:chest":2,"farmersdelight:golden_knife":2,"minecraft:furnace":1,"minecraft:egg":6,"minecraft:tipped_arrow":3,"minecraft:golden_helmet":1,"minecraft:raw_iron":13,"minecraft:stick":6,"minecraft:stone":17,"minecraft:torch":30,"paraglider:kakariko_goddess_statue":4,"minecraft:spruce_fence":1,"minecraft:porkchop":8,"minecraft:golden_axe":1,"tombstone:grave_dust":25,"minecraft:diorite":1,"minecraft:redstone":4,"minecraft:golden_chestplate":1,"minecraft:cauldron":1,"minecraft:arrow":104,"butchersdelight:deadsheep":5,"minecraft:rotten_flesh":168,"minecraft:nether_bricks":8,"minecraft:diamond_boots":1,"minecraft:gold_ingot":6,"tombstone:essence_of_undeath":2,"minecraft:totem_of_undying":2,"supplementaries:ash":15,"minecraft:mutton":4,"minecraft:iron_bars":27,"minecraft:rail":2,"minecraft:white_wool":4,"minecraft:cobblestone":12,"minecraft:birch_log":9,"minecraft:enchanting_table":1,"minecraft:air":37,"minecraft:feather":4,"minecraft:iron_door":2,"minecraft:orange_carpet":2,"minecraft:golden_leggings":2,"croptopia:glowing_calamari":3,"minecraft:potato":3,"alexsmobs:bear_fur":3,"paraglider:spirit_orb":109,"butchersdelight:deadpig":4,"minecraft:tuff":6,"minecraft:oak_log":16,"minecraft:chainmail_chestplate":2,"supplementaries:flax_seeds":2,"minecraft:gunpowder":17,"minecraft:cobblestone_stairs":1,"minecraft:lapis_lazuli":23,"minecraft:dirt":12,"tombstone:gift":2,"minecraft:name_tag":1,"butchersdelight:deadchiken":2,"minecraft:birch_pressure_plate":1,"minecraft:bone":120,"minecraft:stone_bricks":15,"minecraft:bow":6,"minecraft:wheat_seeds":16,"minecraft:wild_armor_trim_smithing_template":2,"minecraft:iron_ingot":14,"minecraft:iron_ore":1,"untamedwilds:hide_tan":3,"minecraft:mossy_stone_bricks":13,"minecraft:gray_bed":1,"minecraft:oak_planks":12,"minecraft:iron_sword":6,"minecraft:soul_sand":1,"minecraft:mossy_stone_brick_stairs":2,"minecraft:book":12,"minecraft:sweet_berries":22,"minecraft:stone_brick_slab":1,"minecraft:gravel":1,"butchersdelight:cow_hide":6,"minecraft:ink_sac":2,"minecraft:stripped_spruce_log":2,"sophisticatedbackpacks:iron_backpack":1,"minecraft:nether_brick_stairs":3,"minecraft:spruce_log":99,"farmersdelight:ham":6,"minecraft:spider_eye":24,"minecraft:mossy_cobblestone":7,"minecraft:barrel":1,"minecraft:leather_helmet":1,"minecraft:bundle":3,"minecraft:polished_andesite":1,"butchersdelight:sheephide":8,"minecraft:diamond_shovel":1,"biomesoplenty:maple_sapling":1,"minecraft:purple_bed":6,"tombstone:familiar_stone":3,"minecraft:diamond":11,"tombstone:tablet_of_recall":1,"minecraft:chainmail_leggings":2,"minecraft:iron_helmet":1,"croptopia:orange":3,"minecraft:granite":6,"minecraft:mossy_cobblestone_stairs":2,"minecraft:emerald":10,"minecraft:chainmail_helmet":2,"tombstone:magic_scroll":3,"minecraft:damaged_anvil":3,"minecraft:black_wool":1,"minecraft:bricks":3,"minecraft:coal":43,"minecraft:ender_pearl":3},"minecraft:crafted":{"minecraft:oak_planks":60,"minecraft:cooked_chicken":2,"minecraft:furnace":1,"minecraft:cooked_mutton":4,"tombstone:grave_key":1,"minecraft:stone_pickaxe":1,"minecraft:chest":4,"sophisticatedbackpacks:iron_backpack":1,"minecraft:cooked_beef":8,"minecraft:cooked_porkchop":9,"minecraft:crafting_table":2,"minecraft:spruce_planks":20,"minecraft:wooden_pickaxe":1,"sophisticatedbackpacks:gold_backpack":1,"minecraft:air":0,"aquaculture:iron_fillet_knife":1,"sophisticatedbackpacks:diamond_backpack":1,"minecraft:stick":4},"minecraft:custom":{"minecraft:interact_with_smithing_table":3,"minecraft:interact_with_anvil":14,"minecraft:mob_kills":345,"minecraft:interact_with_crafting_table":30,"minecraft:open_barrel":67,"minecraft:eat_cake_slice":5,"minecraft:damage_dealt_resisted":5537,"minecraft:leave_game":4,"minecraft:time_since_death":217240,"minecraft:climb_one_cm":12594,"minecraft:sprint_one_cm":1507644,"minecraft:walk_one_cm":935663,"minecraft:damage_blocked_by_shield":828,"minecraft:drop":52,"minecraft:play_time":361929,"minecraft:sneak_time":9325,"minecraft:deaths":5,"minecraft:walk_under_water_one_cm":7302,"minecraft:jump":4380,"minecraft:walk_on_water_one_cm":48991,"minecraft:total_world_time":361929,"minecraft:interact_with_furnace":17,"tombstone:raider_killed":4,"minecraft:tune_noteblock":2,"minecraft:sleep_in_bed":7,"minecraft:time_since_rest":103125,"minecraft:damage_absorbed":610,"minecraft:damage_taken":12861,"minecraft:damage_dealt":68591,"tombstone:cast_on_ally":0,"minecraft:swim_one_cm":33860,"minecraft:fly_one_cm":768750,"minecraft:open_chest":322,"minecraft:crouch_one_cm":21418,"tombstone:undead_killed":235,"minecraft:fall_one_cm":85755}},"DataVersion":3465}