{"stats":{"minecraft:broken":{"minecraft:iron_chestplate":1,"minecraft:golden_axe":1,"minecraft:iron_helmet":2},"minecraft:used":{"minecraft:spruce_planks":13,"minecraft:shield":28,"minecraft:stone":1,"minecraft:iron_sword":333,"minecraft:cooked_chicken":2,"minecraft:rotten_flesh":56,"minecraft:torch":152,"minecraft:dirt":4,"minecraft:carrot":11,"minecraft:spruce_fence":1,"minecraft:obsidian":2,"minecraft:totem_of_undying":1,"supplementaries:bomb_blue":1,"minecraft:bow":54,"minecraft:sweet_berries":9,"minecraft:furnace":1,"tombstone:gift":4,"minecraft:egg":6,"minecraft:cooked_beef":15,"minecraft:potato":32,"minecraft:golden_axe":5,"minecraft:cooked_mutton":2,"minecraft:iron_ore":1,"minecraft:baked_potato":11,"minecraft:oak_planks":72,"minecraft:stone_pickaxe":19,"farmersdelight:golden_knife":2,"minecraft:wooden_pickaxe":5,"minecraft:diamond_axe":35,"minecraft:golden_apple":14,"minecraft:crafting_table":6,"supplementaries:bomb":1,"croptopia:orange":3,"minecraft:spruce_log":27,"tombstone:bag_of_seeds":1,"minecraft:diamond_pickaxe":456,"minecraft:apple":7,"minecraft:bread":22,"minecraft:iron_pickaxe":76,"paraglider:kakariko_goddess_statue":2,"tombstone:grave_key":1,"farmersdelight:ham":4,"minecraft:diamond_sword":799,"minecraft:potion":1,"minecraft:purple_bed":2,"minecraft:porkchop":1,"minecraft:cooked_porkchop":8,"minecraft:cooked_rabbit":3,"minecraft:candle":1,"minecraft:experience_bottle":9},"minecraft:killed_by":{"minecraft:player":1,"minecraft:wither_skeleton":1,"minecraft:stray":1},"minecraft:mined":{"minecraft:mossy_cobblestone":44,"minecraft:deepslate_diamond_ore":5,"minecraft:obsidian":1,"minecraft:granite":6,"minecraft:nether_bricks":19,"minecraft:grass_block":2,"minecraft:oak_pressure_plate":1,"minecraft:coal_block":1,"minecraft:spruce_leaves":8,"minecraft:chiseled_stone_bricks":1,"minecraft:spawner":112,"minecraft:large_fern":1,"minecraft:furnace":1,"minecraft:mossy_cobblestone_stairs":9,"minecraft:iron_ore":9,"minecraft:fire":4,"minecraft:andesite":16,"minecraft:deepslate_lapis_ore":4,"minecraft:gold_block":1,"minecraft:nether_brick_stairs":6,"minecraft:enchanting_table":1,"minecraft:nether_brick_fence":1,"minecraft:mossy_stone_brick_stairs":11,"minecraft:bookshelf":6,"minecraft:deepslate_iron_ore":6,"minecraft:vine":13,"biomesoplenty:webbing":11,"minecraft:iron_bars":49,"biomesoplenty:spider_egg":1,"minecraft:stone":60,"create:limestone":3,"minecraft:glass_pane":1,"minecraft:quartz_block":1,"minecraft:infested_stone_bricks":1,"minecraft:soul_sand":2,"biomesoplenty:glowworm_silk":2,"minecraft:soul_fire":1,"minecraft:crafting_table":4,"minecraft:torch":4,"minecraft:calcite":3,"minecraft:cobblestone":9,"minecraft:damaged_anvil":1,"minecraft:bricks":2,"minecraft:oak_planks":12,"minecraft:diorite":13,"minecraft:wall_torch":10,"supplementaries:urn":3,"minecraft:purple_bed":4,"minecraft:nether_wart_block":1,"minecraft:smooth_stone_slab":3,"paraglider:kakariko_goddess_statue":3,"minecraft:spruce_log":5,"biomesoplenty:maple_leaves":6,"minecraft:stone_brick_stairs":15,"minecraft:grass":17,"minecraft:oak_log":9,"minecraft:coal_ore":3,"minecraft:gravel":6,"biomesoplenty:stringy_cobweb":4,"minecraft:cobweb":101,"minecraft:cracked_stone_bricks":27,"minecraft:polished_andesite":1,"minecraft:stone_bricks":17,"minecraft:netherrack":4,"minecraft:mossy_stone_bricks":46,"minecraft:gold_ore":1,"minecraft:deepslate":5,"luckytntmod:gunpowder_ore":2},"minecraft:killed":{"minecraft:evoker":1,"minecraft:cave_spider":20,"minecraft:witch":1,"alexsmobs:raccoon":1,"minecraft:spider":39,"minecraft:skeleton":66,"minecraft:silverfish":1,"artifacts:mimic":1,"minecraft:husk":1,"alexsmobs:grizzly_bear":1,"untamedwilds:big_cat":1,"minecraft:creeper":3,"minecraft:squid":1,"minecraft:sheep":5,"alexsmobs:cockroach":1,"minecraft:zombie":89,"minecraft:stray":22,"minecraft:glow_squid":1,"minecraft:wither_skeleton":19,"minecraft:enderman":2},"minecraft:dropped":{"minecraft:bread":3,"minecraft:iron_sword":3,"minecraft:wheat_seeds":1,"butchersdelight:sheephide":3,"minecraft:crafting_table":3,"minecraft:golden_axe":1,"minecraft:dirt":5,"farmersdelight:golden_knife":1,"minecraft:torch":2,"minecraft:iron_leggings":1,"minecraft:string":1,"butchersdelight:cow_hide":2,"minecraft:bone":33,"tombstone:familiar_stone":1,"alexsmobs:animal_dictionary":1,"minecraft:wheat":4,"tombstone:gift":1,"minecraft:rotten_flesh":2,"minecraft:iron_boots":1,"minecraft:carrot":3,"minecraft:diamond_sword":2,"minecraft:potato":7,"minecraft:iron_chestplate":3,"minecraft:mossy_stone_bricks":2,"minecraft:purple_bed":2,"minecraft:chainmail_boots":1,"minecraft:bow":2,"minecraft:beef":2,"farmersdelight:ham":2},"minecraft:picked_up":{"minecraft:iron_chestplate":1,"minecraft:crafting_table":6,"minecraft:wheat":4,"minecraft:chainmail_boots":2,"minecraft:chicken":2,"minecraft:magenta_carpet":2,"minecraft:diamond_sword":4,"minecraft:gold_block":1,"occultism:raw_silver":1,"minecraft:golden_shovel":1,"minecraft:potion":2,"minecraft:enchanted_book":6,"croptopia:calamari":1,"minecraft:stone_brick_stairs":6,"minecraft:shield":2,"minecraft:string":109,"alexsmobs:ancient_dart":2,"artifacts:power_glove":1,"minecraft:smooth_stone_slab":2,"minecraft:red_nether_bricks":2,"minecraft:iron_leggings":1,"minecraft:iron_shovel":2,"minecraft:experience_bottle":9,"butchersdelight:dead_cow":3,"supplementaries:bomb":1,"minecraft:cracked_stone_bricks":13,"minecraft:candle":1,"minecraft:cobbled_deepslate":5,"minecraft:beef":10,"minecraft:wooden_shovel":2,"minecraft:iron_nugget":7,"minecraft:iron_pickaxe":2,"minecraft:chest":1,"farmersdelight:golden_knife":2,"minecraft:furnace":1,"minecraft:egg":6,"minecraft:golden_helmet":1,"minecraft:tipped_arrow":3,"minecraft:stick":4,"minecraft:raw_iron":13,"minecraft:stone":17,"minecraft:torch":15,"paraglider:kakariko_goddess_statue":3,"minecraft:spruce_fence":1,"minecraft:porkchop":8,"minecraft:golden_axe":1,"tombstone:grave_dust":18,"minecraft:diorite":1,"minecraft:golden_chestplate":1,"butchersdelight:deadsheep":5,"minecraft:arrow":87,"minecraft:rotten_flesh":124,"minecraft:nether_bricks":8,"minecraft:diamond_boots":1,"minecraft:totem_of_undying":1,"tombstone:essence_of_undeath":2,"minecraft:gold_ingot":6,"supplementaries:ash":7,"minecraft:mutton":4,"minecraft:iron_bars":27,"minecraft:white_wool":4,"minecraft:cobblestone":12,"minecraft:birch_log":9,"minecraft:enchanting_table":1,"minecraft:air":37,"minecraft:feather":4,"minecraft:orange_carpet":2,"minecraft:golden_leggings":2,"alexsmobs:bear_fur":3,"croptopia:glowing_calamari":3,"minecraft:potato":3,"paraglider:spirit_orb":93,"butchersdelight:deadpig":4,"minecraft:oak_log":15,"minecraft:chainmail_chestplate":2,"supplementaries:flax_seeds":2,"minecraft:gunpowder":10,"minecraft:cobblestone_stairs":1,"minecraft:lapis_lazuli":23,"minecraft:dirt":12,"tombstone:gift":2,"minecraft:name_tag":1,"butchersdelight:deadchiken":2,"minecraft:bone":93,"minecraft:stone_bricks":11,"minecraft:bow":5,"minecraft:wheat_seeds":16,"minecraft:wild_armor_trim_smithing_template":2,"minecraft:iron_ingot":12,"minecraft:iron_ore":1,"minecraft:gray_bed":1,"untamedwilds:hide_tan":3,"minecraft:mossy_stone_bricks":11,"minecraft:soul_sand":1,"minecraft:iron_sword":3,"minecraft:oak_planks":12,"minecraft:mossy_stone_brick_stairs":2,"minecraft:book":9,"minecraft:sweet_berries":22,"minecraft:gravel":1,"butchersdelight:cow_hide":6,"minecraft:stripped_spruce_log":2,"minecraft:nether_brick_stairs":3,"minecraft:ink_sac":2,"minecraft:spruce_log":99,"minecraft:mossy_cobblestone":6,"farmersdelight:ham":6,"minecraft:spider_eye":21,"minecraft:leather_helmet":1,"minecraft:bundle":3,"minecraft:diamond_shovel":1,"butchersdelight:sheephide":8,"biomesoplenty:maple_sapling":1,"minecraft:purple_bed":6,"tombstone:familiar_stone":3,"minecraft:diamond":5,"minecraft:chainmail_leggings":2,"croptopia:orange":3,"minecraft:granite":6,"minecraft:mossy_cobblestone_stairs":2,"minecraft:emerald":1,"minecraft:chainmail_helmet":2,"minecraft:damaged_anvil":1,"tombstone:magic_scroll":2,"minecraft:black_wool":1,"minecraft:bricks":3,"minecraft:coal":27,"minecraft:ender_pearl":3},"minecraft:crafted":{"minecraft:oak_planks":60,"minecraft:cooked_chicken":2,"minecraft:furnace":1,"minecraft:cooked_mutton":4,"tombstone:grave_key":1,"minecraft:stone_pickaxe":1,"sophisticatedbackpacks:iron_backpack":1,"minecraft:cooked_beef":8,"minecraft:cooked_porkchop":9,"minecraft:crafting_table":2,"minecraft:spruce_planks":20,"minecraft:wooden_pickaxe":1,"sophisticatedbackpacks:gold_backpack":1,"minecraft:air":0,"aquaculture:iron_fillet_knife":1,"sophisticatedbackpacks:diamond_backpack":1,"minecraft:stick":4},"minecraft:custom":{"minecraft:interact_with_smithing_table":3,"minecraft:interact_with_anvil":10,"minecraft:mob_kills":287,"minecraft:interact_with_crafting_table":25,"minecraft:open_barrel":17,"minecraft:eat_cake_slice":5,"minecraft:damage_dealt_resisted":3778,"minecraft:leave_game":3,"minecraft:time_since_death":159712,"minecraft:climb_one_cm":10123,"minecraft:sprint_one_cm":1230355,"minecraft:walk_one_cm":790475,"minecraft:damage_blocked_by_shield":828,"minecraft:drop":46,"minecraft:play_time":304401,"minecraft:sneak_time":8070,"minecraft:deaths":5,"minecraft:walk_under_water_one_cm":7194,"minecraft:jump":3611,"minecraft:walk_on_water_one_cm":48178,"minecraft:total_world_time":304401,"minecraft:interact_with_furnace":17,"tombstone:raider_killed":2,"minecraft:tune_noteblock":2,"minecraft:sleep_in_bed":7,"minecraft:time_since_rest":45597,"minecraft:damage_absorbed":528,"minecraft:damage_taken":11218,"minecraft:damage_dealt":58861,"tombstone:cast_on_ally":0,"minecraft:swim_one_cm":33860,"minecraft:fly_one_cm":622698,"minecraft:open_chest":265,"minecraft:crouch_one_cm":18892,"tombstone:undead_killed":197,"minecraft:fall_one_cm":73893}},"DataVersion":3465}