{"stats":{"minecraft:custom":{"minecraft:jump":24,"minecraft:time_since_rest":6261,"minecraft:crouch_one_cm":228,"minecraft:leave_game":2,"minecraft:play_time":6261,"minecraft:sprint_one_cm":1901,"minecraft:damage_taken":10,"minecraft:time_since_death":6261,"minecraft:walk_one_cm":3555,"minecraft:sneak_time":39,"minecraft:total_world_time":6261,"minecraft:climb_one_cm":111,"minecraft:fall_one_cm":533,"minecraft:drop":1,"minecraft:fly_one_cm":2943},"minecraft:dropped":{"alexsmobs:animal_dictionary":1}},"DataVersion":3465}