{"stats":{"minecraft:custom":{"minecraft:open_chest":7,"minecraft:time_since_rest":196,"minecraft:deaths":1,"tombstone:undead_killed":1,"minecraft:crouch_one_cm":422,"minecraft:walk_one_cm":28144,"minecraft:sprint_one_cm":41350,"minecraft:play_time":30261,"minecraft:damage_taken":564,"minecraft:sneak_time":128,"minecraft:mob_kills":1,"minecraft:drop":4,"minecraft:damage_dealt_resisted":48,"minecraft:jump":220,"minecraft:damage_dealt":210,"minecraft:sleep_in_bed":1,"minecraft:leave_game":2,"minecraft:time_since_death":3010,"minecraft:climb_one_cm":426,"minecraft:total_world_time":30261,"minecraft:fall_one_cm":7155,"minecraft:fly_one_cm":35198},"minecraft:picked_up":{"biomesoplenty:maple_sapling":1,"minecraft:sweet_berries":22,"minecraft:wheat_seeds":1,"minecraft:spruce_fence":1,"minecraft:oak_log":9,"minecraft:spruce_log":8,"minecraft:iron_sword":1,"minecraft:dirt":9},"minecraft:killed_by":{"minecraft:stray":1},"minecraft:mined":{"minecraft:grass":1,"minecraft:oak_log":9,"minecraft:spruce_log":5,"biomesoplenty:maple_leaves":6},"minecraft:killed":{"minecraft:zombie":1},"minecraft:dropped":{"minecraft:iron_leggings":1,"alexsmobs:animal_dictionary":1,"minecraft:iron_chestplate":2},"minecraft:crafted":{"minecraft:oak_planks":36,"minecraft:spruce_planks":20},"minecraft:used":{"minecraft:dirt":4,"minecraft:apple":3,"minecraft:sweet_berries":9,"minecraft:iron_sword":5,"minecraft:spruce_fence":1}},"DataVersion":3465}