{"stats":{"minecraft:mined":{"minecraft:glass_pane":1,"minecraft:crafting_table":2,"minecraft:grass_block":2,"minecraft:cobblestone":7,"minecraft:spruce_leaves":8,"minecraft:spawner":11,"minecraft:purple_bed":2,"minecraft:spruce_log":5,"biomesoplenty:maple_leaves":6,"minecraft:nether_brick_stairs":1,"minecraft:grass":10,"minecraft:oak_log":9,"minecraft:iron_bars":5},"minecraft:used":{"minecraft:cooked_mutton":2,"minecraft:baked_potato":3,"minecraft:oak_planks":6,"minecraft:stone_pickaxe":19,"farmersdelight:golden_knife":1,"minecraft:wooden_pickaxe":5,"minecraft:spruce_planks":6,"minecraft:shield":2,"minecraft:iron_sword":239,"minecraft:golden_apple":1,"minecraft:torch":6,"minecraft:dirt":4,"minecraft:crafting_table":2,"minecraft:spruce_fence":1,"croptopia:orange":3,"minecraft:spruce_log":2,"minecraft:obsidian":2,"minecraft:diamond_pickaxe":1,"minecraft:apple":5,"minecraft:bread":9,"minecraft:totem_of_undying":1,"minecraft:diamond_sword":12,"minecraft:potion":1,"minecraft:purple_bed":1,"minecraft:sweet_berries":9,"minecraft:cooked_rabbit":3,"minecraft:cooked_beef":5,"minecraft:potato":21,"minecraft:golden_axe":5},"minecraft:crafted":{"minecraft:cooked_beef":2,"minecraft:oak_planks":60,"minecraft:crafting_table":1,"minecraft:spruce_planks":20,"minecraft:wooden_pickaxe":1,"minecraft:cooked_mutton":2,"minecraft:air":0,"minecraft:stick":4,"minecraft:stone_pickaxe":1},"minecraft:broken":{"minecraft:golden_axe":1},"minecraft:dropped":{"minecraft:iron_sword":2,"minecraft:wheat_seeds":1,"butchersdelight:sheephide":3,"alexsmobs:animal_dictionary":1,"minecraft:wheat":4,"minecraft:golden_axe":1,"minecraft:dirt":5,"minecraft:potato":7,"farmersdelight:golden_knife":1,"minecraft:iron_chestplate":3,"minecraft:purple_bed":1,"minecraft:chainmail_boots":1,"minecraft:iron_leggings":1,"minecraft:beef":2},"minecraft:custom":{"minecraft:interact_with_furnace":5,"minecraft:mob_kills":24,"tombstone:raider_killed":1,"minecraft:interact_with_crafting_table":6,"minecraft:damage_dealt_resisted":1798,"minecraft:leave_game":3,"minecraft:time_since_death":10391,"minecraft:sleep_in_bed":2,"minecraft:climb_one_cm":652,"minecraft:time_since_rest":10228,"minecraft:damage_absorbed":80,"minecraft:sprint_one_cm":269285,"minecraft:damage_taken":4284,"minecraft:walk_one_cm":177761,"minecraft:damage_blocked_by_shield":43,"minecraft:drop":22,"minecraft:damage_dealt":6338,"minecraft:swim_one_cm":10183,"minecraft:fly_one_cm":153480,"minecraft:open_chest":59,"minecraft:crouch_one_cm":1213,"minecraft:play_time":80350,"tombstone:undead_killed":18,"minecraft:deaths":2,"minecraft:sneak_time":671,"minecraft:walk_under_water_one_cm":1726,"minecraft:jump":916,"minecraft:walk_on_water_one_cm":12481,"minecraft:total_world_time":80350,"minecraft:fall_one_cm":18760},"minecraft:killed":{"minecraft:evoker":1,"minecraft:spider":1,"minecraft:squid":1,"minecraft:sheep":3,"minecraft:skeleton":2,"minecraft:zombie":13,"minecraft:stray":1,"minecraft:wither_skeleton":2},"minecraft:killed_by":{"minecraft:player":1,"minecraft:stray":1},"minecraft:picked_up":{"minecraft:birch_log":9,"minecraft:crafting_table":2,"minecraft:wheat":4,"minecraft:chainmail_boots":1,"minecraft:golden_leggings":1,"minecraft:potato":1,"minecraft:golden_shovel":1,"paraglider:spirit_orb":6,"minecraft:enchanted_book":2,"butchersdelight:deadpig":4,"croptopia:calamari":1,"minecraft:oak_log":15,"minecraft:dirt":12,"minecraft:string":1,"butchersdelight:deadchiken":2,"minecraft:iron_shovel":1,"minecraft:bone":1,"minecraft:experience_bottle":9,"minecraft:wheat_seeds":16,"minecraft:beef":4,"minecraft:iron_pickaxe":1,"farmersdelight:golden_knife":2,"minecraft:iron_sword":3,"minecraft:stick":4,"minecraft:sweet_berries":22,"minecraft:spruce_fence":1,"butchersdelight:cow_hide":1,"minecraft:golden_axe":1,"minecraft:nether_brick_stairs":1,"tombstone:grave_dust":3,"minecraft:ink_sac":2,"minecraft:spruce_log":98,"minecraft:bundle":1,"biomesoplenty:maple_sapling":1,"butchersdelight:sheephide":6,"butchersdelight:deadsheep":3,"minecraft:purple_bed":3,"minecraft:rotten_flesh":17,"croptopia:orange":3,"minecraft:chainmail_helmet":1,"minecraft:emerald":1,"minecraft:totem_of_undying":1,"minecraft:black_wool":1,"minecraft:mutton":2,"minecraft:iron_bars":5,"minecraft:white_wool":2,"minecraft:cobblestone":7,"minecraft:ender_pearl":1}},"DataVersion":3465}