{"stats":{"minecraft:custom":{"minecraft:jump":57,"minecraft:time_since_rest":18261,"minecraft:crouch_one_cm":350,"minecraft:leave_game":2,"minecraft:play_time":18261,"minecraft:sprint_one_cm":4948,"minecraft:damage_taken":50,"minecraft:time_since_death":18261,"minecraft:walk_one_cm":7148,"minecraft:sneak_time":57,"minecraft:total_world_time":18261,"minecraft:climb_one_cm":111,"minecraft:fall_one_cm":2562,"minecraft:drop":1,"minecraft:fly_one_cm":5996},"minecraft:picked_up":{"minecraft:oak_log":7,"biomesoplenty:maple_sapling":1},"minecraft:mined":{"minecraft:oak_log":8,"biomesoplenty:maple_leaves":6},"minecraft:dropped":{"alexsmobs:animal_dictionary":1}},"DataVersion":3465}