{"stats":{"minecraft:custom":{"minecraft:interact_with_furnace":15,"minecraft:mob_kills":28,"minecraft:interact_with_crafting_table":11,"minecraft:damage_dealt_resisted":638,"minecraft:time_since_death":1184,"minecraft:sleep_in_bed":4,"minecraft:climb_one_cm":2808,"minecraft:time_since_rest":1129,"minecraft:sprint_one_cm":232784,"minecraft:damage_absorbed":66,"minecraft:damage_taken":2462,"minecraft:walk_one_cm":196496,"minecraft:damage_blocked_by_shield":1466,"minecraft:drop":9,"minecraft:damage_dealt":5610,"minecraft:swim_one_cm":9450,"minecraft:fly_one_cm":122671,"minecraft:open_chest":57,"minecraft:crouch_one_cm":966,"minecraft:deaths":1,"minecraft:play_time":63570,"tombstone:undead_killed":25,"minecraft:sneak_time":1539,"minecraft:walk_under_water_one_cm":2013,"minecraft:jump":668,"minecraft:walk_on_water_one_cm":6228,"minecraft:total_world_time":63570,"minecraft:fall_one_cm":15457},"minecraft:picked_up":{"occultism:datura_seeds":1,"minecraft:crafting_table":3,"minecraft:iron_chestplate":4,"minecraft:wheat":12,"minecraft:chainmail_boots":2,"xercamod:item_tea_seeds":1,"minecraft:potato":15,"paraglider:spirit_orb":38,"minecraft:crimson_fungus":32,"croptopia:calamari":2,"minecraft:oak_log":68,"minecraft:golden_boots":1,"minecraft:string":1,"minecraft:blue_bed":1,"minecraft:dirt":21,"minecraft:iron_leggings":1,"minecraft:leather_boots":1,"minecraft:bone":15,"butchersdelight:dead_cow":3,"minecraft:bow":1,"minecraft:wheat_seeds":38,"minecraft:beef":2,"minecraft:stone_pickaxe":1,"minecraft:sugar_cane":3,"minecraft:iron_sword":1,"minecraft:oak_planks":1,"minecraft:iron_boots":1,"minecraft:furnace":2,"minecraft:golden_helmet":1,"minecraft:tipped_arrow":1,"minecraft:stick":2,"minecraft:raw_iron":2,"supplementaries:bamboo_spikes_tipped":4,"butchersdelight:cow_hide":1,"minecraft:golden_axe":1,"minecraft:ink_sac":4,"minecraft:bundle":4,"minecraft:pumpkin_seeds":2,"minecraft:arrow":6,"minecraft:rotten_flesh":20,"minecraft:chainmail_leggings":1,"croptopia:orange":3,"minecraft:iron_bars":10,"minecraft:white_wool":1,"minecraft:cobblestone":47},"minecraft:killed_by":{"minecraft:skeleton":1},"minecraft:mined":{"croptopia:orange_crop":1,"minecraft:crafting_table":3,"minecraft:cobblestone":6,"minecraft:spruce_leaves":1,"minecraft:sugar_cane":3,"minecraft:blue_bed":1,"minecraft:spawner":17,"minecraft:furnace":2,"butchersdelight:deadcowblock":1,"minecraft:iron_ore":3,"minecraft:wheat":13,"minecraft:fire":4,"minecraft:pumpkin_stem":1,"minecraft:grass":2,"minecraft:potatoes":6,"minecraft:oak_log":2,"minecraft:vine":2,"minecraft:iron_bars":8,"minecraft:dirt":8,"minecraft:cobweb":1,"minecraft:stone":41},"minecraft:killed":{"minecraft:spider":1,"minecraft:squid":2,"minecraft:skeleton":7,"minecraft:zombie":17,"minecraft:stray":1},"minecraft:dropped":{"minecraft:wheat_seeds":1,"minecraft:golden_axe":1,"minecraft:rotten_flesh":1,"supplementaries:bamboo_spikes_tipped":2,"minecraft:bundle":3,"xercamod:item_tea_seeds":1},"minecraft:crafted":{"minecraft:cooked_beef":2,"minecraft:oak_planks":256,"minecraft:spruce_planks":12,"minecraft:baked_potato":15,"minecraft:iron_sword":1,"minecraft:furnace":1,"minecraft:bread":3,"minecraft:air":0,"minecraft:iron_axe":1,"minecraft:stick":4,"minecraft:chest":3,"minecraft:shears":1},"minecraft:used":{"minecraft:stone_pickaxe":18,"minecraft:baked_potato":5,"minecraft:oak_planks":1,"minecraft:chest":3,"minecraft:shield":59,"minecraft:iron_sword":187,"minecraft:torch":2,"minecraft:golden_apple":3,"minecraft:dirt":12,"minecraft:crafting_table":2,"croptopia:orange":3,"minecraft:obsidian":5,"minecraft:oak_log":2,"minecraft:apple":6,"minecraft:bread":3,"minecraft:iron_axe":11,"minecraft:iron_pickaxe":65,"minecraft:iron_boots":1,"minecraft:cobblestone":10,"minecraft:furnace":2,"minecraft:cooked_beef":14}},"DataVersion":3465}