{"stats":{"minecraft:custom":{"minecraft:time_since_rest":12196,"minecraft:interact_with_furnace":3,"minecraft:sprint_one_cm":35032,"minecraft:walk_one_cm":44575,"minecraft:damage_taken":356,"minecraft:mob_kills":2,"minecraft:drop":2,"minecraft:damage_dealt":565,"minecraft:interact_with_crafting_table":7,"minecraft:fly_one_cm":37335,"minecraft:open_chest":8,"minecraft:play_time":15570,"tombstone:undead_killed":2,"minecraft:jump":181,"minecraft:damage_dealt_resisted":638,"minecraft:time_since_death":15570,"minecraft:sleep_in_bed":2,"minecraft:total_world_time":15570,"minecraft:fall_one_cm":5116},"minecraft:picked_up":{"minecraft:tipped_arrow":1,"occultism:datura_seeds":1,"minecraft:iron_chestplate":2,"minecraft:stick":2,"minecraft:crafting_table":3,"minecraft:wheat":5,"xercamod:item_tea_seeds":1,"butchersdelight:cow_hide":1,"minecraft:oak_log":42,"minecraft:dirt":20,"minecraft:blue_bed":1,"minecraft:iron_leggings":1,"minecraft:bone":1,"butchersdelight:dead_cow":3,"minecraft:rotten_flesh":1,"minecraft:wheat_seeds":12,"minecraft:beef":2,"minecraft:cobblestone":19,"minecraft:furnace":1},"minecraft:mined":{"minecraft:furnace":1,"butchersdelight:deadcowblock":1,"minecraft:fire":4,"minecraft:wheat":5,"minecraft:crafting_table":3,"minecraft:grass":1,"minecraft:oak_log":2,"minecraft:dirt":8,"minecraft:stone":19,"minecraft:blue_bed":1},"minecraft:killed":{"minecraft:zombie":1,"minecraft:stray":1},"minecraft:dropped":{"minecraft:wheat_seeds":1,"xercamod:item_tea_seeds":1},"minecraft:crafted":{"minecraft:cooked_beef":2,"minecraft:iron_axe":1,"minecraft:spruce_planks":12,"minecraft:stick":4,"minecraft:iron_sword":1,"minecraft:furnace":1,"minecraft:air":0,"minecraft:bread":1},"minecraft:used":{"minecraft:oak_log":2,"minecraft:apple":3,"minecraft:iron_axe":8,"minecraft:bread":1,"minecraft:iron_pickaxe":23,"minecraft:iron_sword":31,"minecraft:iron_boots":1,"minecraft:dirt":9,"minecraft:crafting_table":2,"minecraft:furnace":1,"minecraft:cooked_beef":1,"minecraft:obsidian":5}},"DataVersion":3465}