{"stats":{"minecraft:broken":{"minecraft:iron_boots":1,"minecraft:iron_sword":1,"minecraft:iron_helmet":1},"minecraft:used":{"minecraft:chest":5,"minecraft:shield":78,"minecraft:iron_sword":344,"minecraft:cooked_chicken":3,"minecraft:torch":39,"minecraft:dirt":12,"minecraft:nether_bricks":11,"artifacts:onion_ring":1,"minecraft:obsidian":5,"minecraft:iron_axe":11,"minecraft:iron_boots":1,"minecraft:bow":33,"minecraft:furnace":2,"tombstone:gift":1,"minecraft:cooked_beef":14,"minecraft:cobbled_deepslate":14,"minecraft:cooked_mutton":1,"minecraft:baked_potato":22,"minecraft:oak_planks":10,"minecraft:stone_pickaxe":18,"minecraft:golden_apple":9,"minecraft:crafting_table":2,"supplementaries:bomb":1,"croptopia:orange":3,"minecraft:oak_log":2,"minecraft:diamond_pickaxe":143,"minecraft:apple":12,"minecraft:bread":5,"minecraft:melon_slice":7,"minecraft:iron_pickaxe":211,"minecraft:diamond_sword":42,"minecraft:coal_block":1,"minecraft:cobblestone":12,"minecraft:cooked_porkchop":2},"minecraft:killed_by":{"minecraft:skeleton":1},"minecraft:killed":{"minecraft:cave_spider":1,"minecraft:spider":3,"minecraft:skeleton":14,"minecraft:silverfish":1,"minecraft:squid":2,"minecraft:zombie":27,"minecraft:stray":4,"minecraft:wither_skeleton":3},"minecraft:mined":{"minecraft:diamond_ore":1,"create:deepslate_zinc_ore":13,"croptopia:orange_crop":1,"minecraft:deepslate_diamond_ore":4,"minecraft:red_nether_bricks":1,"minecraft:nether_bricks":41,"minecraft:granite":6,"occultism:silver_ore_deepslate":17,"minecraft:coal_block":4,"minecraft:spruce_leaves":1,"minecraft:spawner":30,"theurgy:deepslate_sal_ammoniac_ore":5,"luckytntmod:deepslate_uranium_ore":2,"minecraft:furnace":2,"minecraft:iron_ore":9,"minecraft:cobbled_deepslate":1,"minecraft:fire":8,"minecraft:deepslate_lapis_ore":4,"minecraft:nether_brick_stairs":6,"minecraft:potatoes":6,"minecraft:deepslate_iron_ore":17,"minecraft:vine":3,"minecraft:iron_bars":21,"minecraft:stone":98,"minecraft:quartz_block":7,"minecraft:soul_sand":1,"minecraft:crafting_table":3,"minecraft:cobblestone":8,"minecraft:sugar_cane":3,"minecraft:oak_planks":1,"minecraft:blue_bed":1,"supplementaries:urn":17,"butchersdelight:deadcowblock":1,"minecraft:nether_wart_block":3,"minecraft:wheat":13,"minecraft:pumpkin_stem":1,"minecraft:grass":2,"minecraft:oak_log":2,"minecraft:gravel":2,"minecraft:dirt":8,"minecraft:cobweb":24,"minecraft:netherrack":2,"minecraft:deepslate":55},"minecraft:picked_up":{"minecraft:crafting_table":3,"minecraft:iron_chestplate":4,"minecraft:wheat":12,"minecraft:chainmail_boots":3,"xercamod:item_tea_seeds":1,"occultism:raw_silver":16,"croptopia:calamari":2,"minecraft:shield":2,"minecraft:string":4,"alexsmobs:ancient_dart":2,"minecraft:iron_leggings":1,"butchersdelight:dead_cow":3,"minecraft:gold_nugget":42,"minecraft:cobbled_deepslate":49,"minecraft:beef":2,"minecraft:coal_block":4,"minecraft:sugar_cane":3,"minecraft:furnace":2,"minecraft:iron_boots":2,"minecraft:golden_helmet":1,"minecraft:tipped_arrow":4,"minecraft:stick":2,"minecraft:raw_iron":23,"minecraft:torch":11,"supplementaries:bamboo_spikes_tipped":4,"minecraft:porkchop":2,"minecraft:golden_axe":1,"tombstone:grave_dust":4,"minecraft:stone_pressure_plate":1,"luckytntmod:deepslate_uranium_ore":2,"minecraft:quartz_block":6,"minecraft:arrow":20,"minecraft:rotten_flesh":29,"minecraft:nether_bricks":36,"supplementaries:antique_ink":3,"minecraft:gold_ingot":4,"supplementaries:ash":21,"minecraft:iron_bars":21,"minecraft:white_wool":1,"minecraft:cobblestone":117,"occultism:datura_seeds":1,"minecraft:iron_door":1,"minecraft:glow_ink_sac":10,"minecraft:potato":22,"artifacts:onion_ring":2,"paraglider:spirit_orb":60,"minecraft:flint":1,"minecraft:crimson_fungus":32,"create:raw_zinc":13,"minecraft:oak_log":68,"minecraft:golden_boots":1,"minecraft:nether_wart_block":2,"minecraft:gunpowder":2,"minecraft:lapis_lazuli":30,"minecraft:dirt":21,"minecraft:blue_bed":1,"minecraft:paper":1,"minecraft:leather_boots":2,"minecraft:bone":29,"theurgy:sal_ammoniac_crystal":5,"minecraft:bow":3,"minecraft:wheat_seeds":38,"minecraft:raw_gold":8,"minecraft:stone_pickaxe":1,"minecraft:iron_sword":6,"minecraft:oak_planks":1,"minecraft:soul_sand":2,"minecraft:cooked_porkchop":2,"butchersdelight:cow_hide":1,"minecraft:nether_brick_stairs":4,"minecraft:ink_sac":4,"minecraft:spider_eye":1,"minecraft:bundle":4,"minecraft:pumpkin_seeds":2,"minecraft:diamond":5,"minecraft:chainmail_leggings":1,"minecraft:iron_helmet":1,"croptopia:orange":3,"minecraft:granite":1,"minecraft:emerald":5,"tombstone:magic_scroll":1,"minecraft:netherrack":1,"minecraft:coal":2},"minecraft:dropped":{"minecraft:nether_brick_stairs":1,"minecraft:iron_sword":6,"minecraft:soul_sand":2,"minecraft:wheat_seeds":1,"minecraft:ender_pearl":1,"minecraft:golden_axe":1,"minecraft:granite":1,"minecraft:coal":2,"minecraft:nether_wart_block":1,"xercamod:item_tea_seeds":1,"tombstone:grave_dust":3,"minecraft:gold_nugget":17,"minecraft:iron_shovel":1,"minecraft:gold_ingot":4,"minecraft:bone":2,"minecraft:cobbled_deepslate":12,"minecraft:experience_bottle":9,"minecraft:rotten_flesh":5,"alexsmobs:ancient_dart":1,"supplementaries:bamboo_spikes_tipped":2,"minecraft:shield":1,"minecraft:bundle":3,"artifacts:onion_ring":2,"minecraft:iron_bars":2,"minecraft:raw_gold":8,"minecraft:netherrack":1},"minecraft:custom":{"minecraft:mob_kills":57,"minecraft:interact_with_crafting_table":19,"minecraft:open_barrel":3,"minecraft:interact_with_campfire":2,"minecraft:damage_dealt_resisted":1227,"minecraft:leave_game":1,"minecraft:time_since_death":73101,"minecraft:climb_one_cm":4853,"minecraft:sprint_one_cm":517893,"minecraft:walk_one_cm":431908,"minecraft:damage_blocked_by_shield":2151,"minecraft:drop":39,"minecraft:play_time":135487,"minecraft:sneak_time":3279,"minecraft:deaths":1,"minecraft:walk_under_water_one_cm":6447,"minecraft:jump":1147,"minecraft:walk_on_water_one_cm":35038,"minecraft:total_world_time":135487,"minecraft:interact_with_furnace":16,"minecraft:sleep_in_bed":4,"minecraft:time_since_rest":73046,"minecraft:damage_taken":4571,"minecraft:damage_absorbed":234,"minecraft:trigger_trapped_chest":1,"minecraft:damage_dealt":11030,"minecraft:swim_one_cm":12418,"minecraft:fly_one_cm":170984,"minecraft:player_kills":1,"minecraft:open_chest":116,"minecraft:crouch_one_cm":6617,"tombstone:undead_killed":48,"minecraft:fall_one_cm":22058},"minecraft:crafted":{"minecraft:oak_planks":256,"minecraft:furnace":1,"minecraft:iron_axe":1,"minecraft:chest":5,"minecraft:cooked_beef":2,"minecraft:spruce_planks":12,"minecraft:baked_potato":15,"minecraft:iron_sword":1,"minecraft:air":0,"minecraft:bread":3,"minecraft:stick":4,"minecraft:shears":1}},"DataVersion":3465}