{"stats":{"minecraft:broken":{"minecraft:iron_boots":1,"minecraft:iron_leggings":1,"minecraft:iron_axe":2,"minecraft:iron_sword":1,"minecraft:iron_helmet":2},"minecraft:used":{"minecraft:iron_shovel":233,"minecraft:oak_sign":1,"minecraft:chest":11,"minecraft:shield":87,"minecraft:iron_sword":391,"minecraft:rotten_flesh":2,"minecraft:cooked_salmon":10,"minecraft:cooked_chicken":3,"minecraft:torch":50,"minecraft:dirt":73,"minecraft:nether_bricks":11,"minecraft:carrot":10,"artifacts:onion_ring":1,"minecraft:obsidian":5,"untamedwilds:food_bear_cooked":3,"minecraft:iron_axe":382,"minecraft:iron_boots":1,"minecraft:bow":97,"minecraft:sweet_berries":5,"minecraft:furnace":5,"biomesoplenty:fir_trapdoor":1,"tombstone:gift":1,"minecraft:cooked_beef":18,"minecraft:cobbled_deepslate":23,"minecraft:cooked_mutton":1,"minecraft:baked_potato":22,"minecraft:oak_planks":13,"minecraft:stone_pickaxe":18,"minecraft:salmon":1,"minecraft:golden_apple":9,"minecraft:crafting_table":6,"supplementaries:bomb":1,"minecraft:spruce_log":1,"croptopia:orange":3,"minecraft:oak_log":2,"minecraft:diamond_pickaxe":379,"minecraft:apple":12,"minecraft:bread":10,"minecraft:melon_slice":7,"minecraft:iron_pickaxe":211,"tombstone:grave_key":4,"farmersdelight:ham":1,"minecraft:diamond_sword":139,"minecraft:coal_block":1,"minecraft:cobblestone":15,"minecraft:cooked_porkchop":2,"minecraft:pumpkin_pie":10},"minecraft:killed_by":{"minecraft:skeleton":1,"minecraft:zombie":2},"minecraft:killed":{"minecraft:cave_spider":2,"minecraft:witch":1,"minecraft:spider":8,"minecraft:skeleton":34,"minecraft:silverfish":1,"artifacts:mimic":1,"untamedwilds:boar":1,"minecraft:squid":2,"untamedwilds:bear":1,"minecraft:zombie":41,"minecraft:stray":4,"alexsmobs:crow":1,"minecraft:wither_skeleton":3},"minecraft:mined":{"minecraft:diamond_ore":1,"create:deepslate_zinc_ore":13,"croptopia:orange_crop":1,"minecraft:deepslate_diamond_ore":11,"minecraft:red_nether_bricks":1,"minecraft:nether_bricks":41,"minecraft:granite":6,"minecraft:grass_block":115,"occultism:silver_ore_deepslate":23,"minecraft:coal_block":4,"minecraft:spruce_leaves":1,"minecraft:spawner":36,"theurgy:deepslate_sal_ammoniac_ore":6,"luckytntmod:deepslate_uranium_ore":10,"minecraft:furnace":3,"minecraft:barrel":1,"minecraft:iron_ore":9,"minecraft:cobbled_deepslate":3,"minecraft:fire":9,"minecraft:deepslate_lapis_ore":5,"minecraft:nether_brick_stairs":7,"minecraft:potatoes":6,"minecraft:dirt_path":2,"minecraft:deepslate_iron_ore":46,"minecraft:vine":3,"minecraft:iron_bars":21,"biomesoplenty:spider_egg":1,"minecraft:stone":193,"minecraft:cake":1,"minecraft:quartz_block":7,"minecraft:red_bed":1,"minecraft:soul_sand":1,"biomesoplenty:glowworm_silk":1,"minecraft:torch":1,"minecraft:crafting_table":5,"minecraft:blast_furnace":1,"minecraft:cobblestone":11,"minecraft:wall_torch":2,"minecraft:sugar_cane":3,"minecraft:oak_planks":4,"minecraft:blue_bed":1,"supplementaries:urn":55,"butchersdelight:deadcowblock":1,"minecraft:nether_wart_block":3,"minecraft:sweet_berry_bush":4,"minecraft:wheat":30,"minecraft:spruce_log":1,"minecraft:pumpkin_stem":1,"biomesoplenty:fir_log":334,"minecraft:grass":21,"minecraft:oak_log":2,"biomesoplenty:fir_leaves":9,"minecraft:sand":5,"biomesoplenty:fir_trapdoor":1,"minecraft:gravel":26,"biomesoplenty:stringy_cobweb":1,"minecraft:dirt":103,"minecraft:cobweb":26,"minecraft:netherrack":2,"minecraft:deepslate":114,"minecraft:fern":7},"minecraft:picked_up":{"minecraft:crafting_table":4,"minecraft:iron_chestplate":5,"minecraft:wheat":20,"minecraft:chainmail_boots":3,"xercamod:item_tea_seeds":2,"minecraft:diamond_sword":2,"occultism:raw_silver":21,"croptopia:calamari":2,"minecraft:shield":2,"biomesoplenty:fir_trapdoor":1,"minecraft:red_bed":1,"minecraft:string":15,"alexsmobs:ancient_dart":2,"untamedwilds:food_bear_raw":3,"minecraft:iron_leggings":2,"minecraft:oak_sign":1,"butchersdelight:dead_cow":3,"minecraft:gold_nugget":101,"minecraft:cobbled_deepslate":110,"minecraft:beef":6,"minecraft:iron_nugget":78,"xercamod:item_tomato_seeds":2,"minecraft:iron_pickaxe":1,"minecraft:coal_block":4,"minecraft:sugar_cane":3,"minecraft:furnace":3,"minecraft:iron_boots":2,"minecraft:golden_helmet":1,"minecraft:tipped_arrow":4,"minecraft:stick":4,"minecraft:raw_iron":52,"artifacts:charm_of_sinking":1,"minecraft:torch":34,"supplementaries:bamboo_spikes_tipped":4,"minecraft:porkchop":2,"minecraft:golden_axe":1,"tombstone:grave_dust":10,"minecraft:carrot":3,"minecraft:redstone":1,"minecraft:stone_pressure_plate":1,"luckytntmod:deepslate_uranium_ore":10,"untamedwilds:hide_white":3,"minecraft:quartz_block":6,"minecraft:arrow":40,"minecraft:rotten_flesh":40,"minecraft:nether_bricks":36,"supplementaries:antique_ink":7,"minecraft:gold_ingot":4,"sophisticatedbackpacks:copper_backpack":1,"supplementaries:ash":47,"minecraft:iron_bars":21,"minecraft:white_wool":1,"minecraft:cobblestone":215,"xercamod:item_rice_seeds":3,"occultism:datura_seeds":2,"minecraft:iron_door":1,"minecraft:glow_ink_sac":10,"biomesoplenty:fir_log":331,"doggytalents:rice_grains":1,"minecraft:potato":22,"artifacts:onion_ring":2,"paraglider:spirit_orb":70,"minecraft:flint":5,"minecraft:crimson_fungus":32,"create:raw_zinc":13,"minecraft:oak_log":68,"minecraft:chainmail_chestplate":1,"supplementaries:flax_seeds":4,"minecraft:golden_boots":1,"minecraft:nether_wart_block":2,"minecraft:gunpowder":2,"minecraft:lapis_lazuli":36,"minecraft:dirt":245,"minecraft:blue_bed":1,"minecraft:paper":1,"minecraft:leather_boots":2,"minecraft:bone":71,"theurgy:sal_ammoniac_crystal":6,"untamedwilds:material_fat":2,"minecraft:bow":4,"minecraft:wheat_seeds":61,"minecraft:raw_gold":8,"minecraft:stone_pickaxe":1,"minecraft:iron_sword":6,"minecraft:oak_planks":4,"minecraft:soul_sand":2,"biomesoplenty:toadstool":1,"minecraft:cooked_porkchop":2,"minecraft:sweet_berries":4,"minecraft:gravel":20,"butchersdelight:cow_hide":3,"minecraft:sand":4,"minecraft:spruce_log":156,"minecraft:blast_furnace":1,"minecraft:nether_brick_stairs":4,"minecraft:ink_sac":4,"minecraft:dark_oak_log":1,"minecraft:barrel":1,"minecraft:spider_eye":1,"minecraft:bundle":4,"minecraft:pumpkin_seeds":2,"minecraft:diamond":12,"minecraft:chainmail_leggings":1,"minecraft:iron_helmet":3,"croptopia:orange":3,"minecraft:granite":1,"minecraft:bread":3,"minecraft:emerald":19,"tombstone:magic_scroll":1,"minecraft:netherrack":1,"minecraft:coal":2},"minecraft:dropped":{"minecraft:nether_brick_stairs":1,"minecraft:iron_sword":6,"minecraft:soul_sand":2,"minecraft:wheat_seeds":1,"minecraft:ender_pearl":1,"minecraft:golden_axe":1,"minecraft:granite":1,"minecraft:coal":2,"paraglider:spirit_orb":24,"minecraft:nether_wart_block":1,"xercamod:item_tea_seeds":1,"tombstone:grave_dust":3,"minecraft:gold_nugget":17,"minecraft:iron_shovel":1,"minecraft:gold_ingot":4,"minecraft:bone":2,"minecraft:cobbled_deepslate":12,"tombstone:gift":1,"minecraft:experience_bottle":9,"minecraft:rotten_flesh":10,"alexsmobs:ancient_dart":1,"supplementaries:bamboo_spikes_tipped":2,"minecraft:shield":1,"minecraft:bundle":3,"artifacts:onion_ring":2,"minecraft:iron_bars":2,"minecraft:raw_gold":8,"minecraft:netherrack":1},"minecraft:custom":{"minecraft:mob_kills":105,"minecraft:interact_with_crafting_table":57,"minecraft:open_barrel":21,"goblintraders:trade_with_goblin":1,"minecraft:interact_with_campfire":2,"minecraft:damage_dealt_resisted":1227,"minecraft:leave_game":1,"minecraft:time_since_death":94,"minecraft:climb_one_cm":5455,"minecraft:sprint_one_cm":837031,"minecraft:walk_one_cm":759110,"minecraft:damage_blocked_by_shield":2361,"minecraft:drop":53,"minecraft:damage_dealt_absorbed":80,"minecraft:play_time":261487,"minecraft:sneak_time":4774,"minecraft:deaths":5,"minecraft:walk_under_water_one_cm":8063,"minecraft:jump":2739,"minecraft:walk_on_water_one_cm":42477,"minecraft:total_world_time":261487,"minecraft:interact_with_furnace":28,"tombstone:raider_killed":1,"minecraft:sleep_in_bed":5,"minecraft:time_since_rest":1,"minecraft:damage_taken":11971,"minecraft:damage_absorbed":234,"minecraft:trigger_trapped_chest":1,"minecraft:damage_dealt":19830,"minecraft:swim_one_cm":15685,"minecraft:fly_one_cm":432103,"minecraft:player_kills":1,"minecraft:open_chest":188,"minecraft:crouch_one_cm":10090,"tombstone:undead_killed":82,"minecraft:fall_one_cm":67105},"minecraft:crafted":{"biomesoplenty:fir_stairs":116,"minecraft:oak_planks":256,"minecraft:oak_sign":3,"minecraft:furnace":2,"minecraft:spruce_fence":33,"minecraft:spruce_stairs":112,"minecraft:iron_axe":3,"biomesoplenty:fir_slab":258,"tombstone:grave_key":1,"minecraft:spruce_slab":126,"minecraft:chest":11,"untamedwilds:food_bear_cooked":3,"sophisticatedbackpacks:iron_backpack":1,"minecraft:cooked_beef":6,"minecraft:crafting_table":2,"minecraft:spruce_planks":432,"minecraft:baked_potato":15,"minecraft:iron_sword":1,"minecraft:cooked_salmon":10,"sophisticatedbackpacks:gold_backpack":1,"minecraft:air":0,"minecraft:bread":5,"biomesoplenty:fir_planks":556,"aquaculture:iron_fillet_knife":1,"minecraft:spruce_trapdoor":42,"biomesoplenty:fir_fence":33,"sophisticatedbackpacks:diamond_backpack":1,"minecraft:stick":60,"minecraft:iron_ingot":2,"minecraft:iron_shovel":1,"minecraft:shears":1,"biomesoplenty:fir_trapdoor":40}},"DataVersion":3465}