{"stats":{"minecraft:custom":{"minecraft:jump":25,"minecraft:open_chest":3,"minecraft:time_since_rest":196,"minecraft:damage_dealt":10,"minecraft:sprint_one_cm":6303,"minecraft:play_time":3570,"minecraft:damage_taken":20,"minecraft:time_since_death":3570,"minecraft:walk_one_cm":7569,"minecraft:sleep_in_bed":2,"minecraft:total_world_time":3570,"minecraft:fall_one_cm":673,"minecraft:fly_one_cm":5937},"minecraft:picked_up":{"minecraft:iron_leggings":1,"minecraft:iron_chestplate":2,"minecraft:rotten_flesh":1},"minecraft:crafted":{"minecraft:spruce_planks":12},"minecraft:used":{"minecraft:iron_boots":1}},"DataVersion":3465}