{"stats":{"minecraft:used":{"minecraft:stone_pickaxe":18,"minecraft:baked_potato":20,"minecraft:oak_planks":1,"minecraft:chest":3,"minecraft:shield":77,"minecraft:iron_sword":281,"minecraft:torch":30,"minecraft:golden_apple":7,"minecraft:dirt":12,"minecraft:crafting_table":2,"minecraft:nether_bricks":3,"croptopia:orange":3,"minecraft:obsidian":5,"minecraft:oak_log":2,"minecraft:apple":6,"minecraft:bread":3,"minecraft:iron_pickaxe":97,"minecraft:iron_axe":11,"minecraft:iron_boots":1,"minecraft:bow":8,"minecraft:diamond_sword":4,"minecraft:cobblestone":10,"minecraft:furnace":2,"tombstone:gift":1,"minecraft:cooked_beef":14},"minecraft:mined":{"minecraft:diamond_ore":1,"minecraft:quartz_block":7,"croptopia:orange_crop":1,"minecraft:crafting_table":3,"minecraft:nether_bricks":3,"minecraft:coal_block":2,"minecraft:cobblestone":6,"minecraft:spruce_leaves":1,"minecraft:sugar_cane":3,"minecraft:blue_bed":1,"minecraft:spawner":27,"minecraft:furnace":2,"butchersdelight:deadcowblock":1,"minecraft:iron_ore":3,"minecraft:wheat":13,"minecraft:fire":8,"minecraft:pumpkin_stem":1,"minecraft:nether_brick_stairs":1,"minecraft:grass":2,"minecraft:potatoes":6,"minecraft:oak_log":2,"minecraft:vine":3,"minecraft:iron_bars":11,"minecraft:gravel":1,"minecraft:dirt":8,"minecraft:cobweb":1,"minecraft:stone":43},"minecraft:crafted":{"minecraft:cooked_beef":2,"minecraft:oak_planks":256,"minecraft:spruce_planks":12,"minecraft:baked_potato":15,"minecraft:iron_sword":1,"minecraft:furnace":1,"minecraft:bread":3,"minecraft:air":0,"minecraft:iron_axe":1,"minecraft:stick":4,"minecraft:chest":3,"minecraft:shears":1},"minecraft:broken":{"minecraft:iron_sword":1},"minecraft:dropped":{"minecraft:iron_sword":3,"minecraft:wheat_seeds":1,"minecraft:ender_pearl":1,"minecraft:experience_bottle":9,"minecraft:golden_axe":1,"minecraft:rotten_flesh":1,"minecraft:coal":1,"supplementaries:bamboo_spikes_tipped":2,"minecraft:bundle":3,"xercamod:item_tea_seeds":1,"tombstone:grave_dust":3,"minecraft:iron_shovel":1},"minecraft:custom":{"minecraft:interact_with_furnace":15,"minecraft:mob_kills":44,"minecraft:interact_with_crafting_table":11,"minecraft:open_barrel":1,"minecraft:damage_dealt_resisted":638,"minecraft:time_since_death":24638,"minecraft:sleep_in_bed":4,"minecraft:climb_one_cm":4853,"minecraft:time_since_rest":24583,"minecraft:sprint_one_cm":322612,"minecraft:damage_absorbed":158,"minecraft:damage_taken":3651,"minecraft:walk_one_cm":279727,"minecraft:damage_blocked_by_shield":2066,"minecraft:trigger_trapped_chest":1,"minecraft:drop":17,"minecraft:damage_dealt":8118,"minecraft:swim_one_cm":9450,"minecraft:fly_one_cm":131113,"minecraft:player_kills":1,"minecraft:open_chest":90,"minecraft:play_time":87024,"minecraft:crouch_one_cm":3017,"tombstone:undead_killed":39,"minecraft:deaths":1,"minecraft:sneak_time":2164,"minecraft:walk_under_water_one_cm":3967,"minecraft:jump":793,"minecraft:walk_on_water_one_cm":25539,"minecraft:total_world_time":87024,"minecraft:fall_one_cm":15838},"minecraft:killed":{"minecraft:spider":2,"minecraft:squid":2,"minecraft:skeleton":12,"minecraft:zombie":21,"minecraft:stray":4,"minecraft:wither_skeleton":2},"minecraft:killed_by":{"minecraft:skeleton":1},"minecraft:picked_up":{"occultism:datura_seeds":1,"minecraft:crafting_table":3,"minecraft:iron_chestplate":4,"minecraft:wheat":12,"minecraft:chainmail_boots":3,"xercamod:item_tea_seeds":1,"minecraft:iron_door":1,"minecraft:potato":22,"paraglider:spirit_orb":54,"minecraft:flint":1,"minecraft:crimson_fungus":32,"croptopia:calamari":2,"minecraft:oak_log":68,"minecraft:golden_boots":1,"minecraft:shield":1,"minecraft:string":3,"minecraft:dirt":21,"minecraft:blue_bed":1,"minecraft:paper":1,"minecraft:iron_leggings":1,"minecraft:leather_boots":2,"minecraft:bone":26,"butchersdelight:dead_cow":3,"minecraft:bow":3,"minecraft:wheat_seeds":38,"minecraft:beef":2,"minecraft:stone_pickaxe":1,"minecraft:coal_block":2,"minecraft:sugar_cane":3,"minecraft:iron_sword":3,"minecraft:oak_planks":1,"minecraft:furnace":2,"minecraft:iron_boots":1,"minecraft:golden_helmet":1,"minecraft:tipped_arrow":4,"minecraft:raw_iron":2,"minecraft:stick":2,"minecraft:torch":4,"supplementaries:bamboo_spikes_tipped":4,"butchersdelight:cow_hide":1,"minecraft:golden_axe":1,"minecraft:nether_brick_stairs":1,"tombstone:grave_dust":4,"minecraft:ink_sac":4,"minecraft:spider_eye":1,"minecraft:stone_pressure_plate":1,"minecraft:bundle":4,"minecraft:quartz_block":6,"minecraft:pumpkin_seeds":2,"minecraft:arrow":17,"minecraft:rotten_flesh":23,"minecraft:diamond":1,"minecraft:nether_bricks":3,"minecraft:iron_helmet":1,"minecraft:chainmail_leggings":1,"croptopia:orange":3,"tombstone:magic_scroll":1,"minecraft:coal":2,"minecraft:iron_bars":10,"minecraft:white_wool":1,"minecraft:cobblestone":65}},"DataVersion":3465}