{"stats":{"minecraft:used":{"minecraft:chest":3,"minecraft:shield":78,"minecraft:iron_sword":309,"minecraft:cooked_chicken":2,"minecraft:torch":38,"minecraft:dirt":12,"minecraft:nether_bricks":11,"minecraft:obsidian":5,"minecraft:iron_axe":11,"minecraft:iron_boots":1,"minecraft:bow":32,"minecraft:furnace":2,"tombstone:gift":1,"minecraft:cooked_beef":14,"minecraft:cobbled_deepslate":14,"minecraft:cooked_mutton":1,"minecraft:stone_pickaxe":18,"minecraft:baked_potato":22,"minecraft:oak_planks":1,"minecraft:golden_apple":9,"minecraft:crafting_table":2,"croptopia:orange":3,"minecraft:oak_log":2,"minecraft:diamond_pickaxe":130,"minecraft:apple":12,"minecraft:bread":5,"minecraft:iron_pickaxe":211,"minecraft:diamond_sword":42,"minecraft:coal_block":1,"minecraft:cobblestone":12},"minecraft:mined":{"minecraft:diamond_ore":1,"create:deepslate_zinc_ore":13,"croptopia:orange_crop":1,"minecraft:deepslate_diamond_ore":2,"minecraft:red_nether_bricks":1,"minecraft:nether_bricks":41,"minecraft:granite":6,"occultism:silver_ore_deepslate":17,"minecraft:coal_block":4,"minecraft:spruce_leaves":1,"minecraft:spawner":29,"theurgy:deepslate_sal_ammoniac_ore":5,"luckytntmod:deepslate_uranium_ore":2,"minecraft:furnace":2,"minecraft:iron_ore":9,"minecraft:cobbled_deepslate":1,"minecraft:fire":8,"minecraft:deepslate_lapis_ore":4,"minecraft:nether_brick_stairs":6,"minecraft:potatoes":6,"minecraft:vine":3,"minecraft:deepslate_iron_ore":15,"minecraft:iron_bars":21,"minecraft:stone":98,"minecraft:quartz_block":7,"minecraft:soul_sand":1,"minecraft:crafting_table":3,"minecraft:cobblestone":8,"minecraft:oak_planks":1,"minecraft:sugar_cane":3,"minecraft:blue_bed":1,"supplementaries:urn":16,"butchersdelight:deadcowblock":1,"minecraft:nether_wart_block":3,"minecraft:wheat":13,"minecraft:pumpkin_stem":1,"minecraft:grass":2,"minecraft:oak_log":2,"minecraft:gravel":2,"minecraft:dirt":8,"minecraft:cobweb":1,"minecraft:netherrack":2,"minecraft:deepslate":47},"minecraft:crafted":{"minecraft:oak_planks":256,"minecraft:furnace":1,"minecraft:iron_axe":1,"minecraft:chest":3,"minecraft:cooked_beef":2,"minecraft:spruce_planks":12,"minecraft:baked_potato":15,"minecraft:iron_sword":1,"minecraft:air":0,"minecraft:bread":3,"minecraft:stick":4,"minecraft:shears":1},"minecraft:broken":{"minecraft:iron_sword":1},"minecraft:dropped":{"minecraft:nether_brick_stairs":1,"minecraft:iron_sword":6,"minecraft:soul_sand":2,"minecraft:wheat_seeds":1,"minecraft:ender_pearl":1,"minecraft:golden_axe":1,"minecraft:granite":1,"minecraft:coal":2,"minecraft:nether_wart_block":1,"xercamod:item_tea_seeds":1,"tombstone:grave_dust":3,"minecraft:gold_nugget":17,"minecraft:iron_shovel":1,"minecraft:gold_ingot":4,"minecraft:bone":2,"minecraft:cobbled_deepslate":12,"minecraft:experience_bottle":9,"minecraft:rotten_flesh":5,"alexsmobs:ancient_dart":1,"supplementaries:bamboo_spikes_tipped":2,"minecraft:shield":1,"minecraft:bundle":3,"artifacts:onion_ring":2,"minecraft:iron_bars":2,"minecraft:raw_gold":8,"minecraft:netherrack":1},"minecraft:custom":{"minecraft:mob_kills":54,"minecraft:interact_with_crafting_table":16,"minecraft:open_barrel":1,"minecraft:damage_dealt_resisted":1227,"minecraft:time_since_death":60638,"minecraft:climb_one_cm":4853,"minecraft:sprint_one_cm":451402,"minecraft:walk_one_cm":390606,"minecraft:damage_blocked_by_shield":2151,"minecraft:drop":39,"minecraft:play_time":123024,"minecraft:deaths":1,"minecraft:sneak_time":3203,"minecraft:walk_under_water_one_cm":6382,"minecraft:jump":1082,"minecraft:walk_on_water_one_cm":34763,"minecraft:total_world_time":123024,"minecraft:interact_with_furnace":16,"minecraft:sleep_in_bed":4,"minecraft:time_since_rest":60583,"minecraft:damage_taken":4385,"minecraft:damage_absorbed":234,"minecraft:trigger_trapped_chest":1,"minecraft:damage_dealt":10386,"minecraft:swim_one_cm":11690,"minecraft:fly_one_cm":166349,"minecraft:player_kills":1,"minecraft:open_chest":110,"minecraft:crouch_one_cm":6274,"tombstone:undead_killed":47,"minecraft:fall_one_cm":21512},"minecraft:killed":{"minecraft:spider":2,"minecraft:skeleton":14,"minecraft:silverfish":1,"minecraft:squid":2,"minecraft:zombie":26,"minecraft:stray":4,"minecraft:wither_skeleton":3},"minecraft:killed_by":{"minecraft:skeleton":1},"minecraft:picked_up":{"minecraft:iron_chestplate":4,"minecraft:crafting_table":3,"minecraft:wheat":12,"xercamod:item_tea_seeds":1,"minecraft:chainmail_boots":3,"occultism:raw_silver":16,"croptopia:calamari":2,"minecraft:shield":2,"minecraft:string":3,"alexsmobs:ancient_dart":2,"minecraft:iron_leggings":1,"butchersdelight:dead_cow":3,"minecraft:gold_nugget":17,"minecraft:cobbled_deepslate":45,"minecraft:beef":2,"minecraft:sugar_cane":3,"minecraft:coal_block":4,"minecraft:iron_boots":2,"minecraft:furnace":2,"minecraft:tipped_arrow":4,"minecraft:golden_helmet":1,"minecraft:stick":2,"minecraft:raw_iron":23,"minecraft:torch":11,"supplementaries:bamboo_spikes_tipped":4,"minecraft:porkchop":2,"minecraft:golden_axe":1,"tombstone:grave_dust":4,"minecraft:stone_pressure_plate":1,"luckytntmod:deepslate_uranium_ore":2,"minecraft:quartz_block":6,"minecraft:arrow":20,"minecraft:rotten_flesh":27,"minecraft:nether_bricks":36,"supplementaries:antique_ink":3,"minecraft:gold_ingot":4,"supplementaries:ash":21,"minecraft:iron_bars":21,"minecraft:white_wool":1,"minecraft:cobblestone":117,"occultism:datura_seeds":1,"minecraft:iron_door":1,"minecraft:glow_ink_sac":10,"minecraft:potato":22,"artifacts:onion_ring":2,"paraglider:spirit_orb":58,"minecraft:flint":1,"minecraft:crimson_fungus":32,"create:raw_zinc":13,"minecraft:oak_log":68,"minecraft:golden_boots":1,"minecraft:nether_wart_block":2,"minecraft:gunpowder":2,"minecraft:lapis_lazuli":30,"minecraft:blue_bed":1,"minecraft:dirt":21,"minecraft:paper":1,"minecraft:leather_boots":2,"minecraft:bone":29,"theurgy:sal_ammoniac_crystal":5,"minecraft:bow":3,"minecraft:wheat_seeds":38,"minecraft:raw_gold":8,"minecraft:stone_pickaxe":1,"minecraft:oak_planks":1,"minecraft:iron_sword":6,"minecraft:soul_sand":2,"butchersdelight:cow_hide":1,"minecraft:nether_brick_stairs":4,"minecraft:ink_sac":4,"minecraft:spider_eye":1,"minecraft:bundle":4,"minecraft:pumpkin_seeds":2,"minecraft:diamond":3,"minecraft:chainmail_leggings":1,"croptopia:orange":3,"minecraft:iron_helmet":1,"minecraft:granite":1,"minecraft:emerald":5,"tombstone:magic_scroll":1,"minecraft:netherrack":1,"minecraft:coal":2}},"DataVersion":3465}