{"stats":{"minecraft:custom":{"minecraft:interact_with_furnace":15,"minecraft:mob_kills":13,"minecraft:interact_with_crafting_table":11,"minecraft:damage_dealt_resisted":638,"minecraft:time_since_death":51570,"minecraft:sleep_in_bed":4,"minecraft:climb_one_cm":185,"minecraft:time_since_rest":34117,"minecraft:sprint_one_cm":189275,"minecraft:damage_absorbed":38,"minecraft:damage_taken":1440,"minecraft:walk_one_cm":156491,"minecraft:damage_blocked_by_shield":558,"minecraft:drop":9,"minecraft:damage_dealt":2680,"minecraft:swim_one_cm":9450,"minecraft:fly_one_cm":116761,"minecraft:open_chest":44,"minecraft:crouch_one_cm":376,"minecraft:play_time":51570,"tombstone:undead_killed":10,"minecraft:sneak_time":106,"minecraft:walk_under_water_one_cm":2013,"minecraft:jump":599,"minecraft:walk_on_water_one_cm":6228,"minecraft:total_world_time":51570,"minecraft:fall_one_cm":14599},"minecraft:picked_up":{"occultism:datura_seeds":1,"minecraft:crafting_table":3,"minecraft:iron_chestplate":3,"minecraft:wheat":12,"minecraft:chainmail_boots":1,"xercamod:item_tea_seeds":1,"minecraft:potato":15,"paraglider:spirit_orb":22,"minecraft:crimson_fungus":32,"croptopia:calamari":2,"minecraft:oak_log":68,"minecraft:string":1,"minecraft:blue_bed":1,"minecraft:dirt":21,"minecraft:iron_leggings":1,"minecraft:bone":4,"butchersdelight:dead_cow":3,"minecraft:wheat_seeds":38,"minecraft:beef":2,"minecraft:stone_pickaxe":1,"minecraft:sugar_cane":3,"minecraft:iron_sword":1,"minecraft:oak_planks":1,"minecraft:furnace":2,"minecraft:tipped_arrow":1,"minecraft:stick":2,"minecraft:raw_iron":2,"supplementaries:bamboo_spikes_tipped":4,"butchersdelight:cow_hide":1,"minecraft:golden_axe":1,"minecraft:ink_sac":4,"minecraft:bundle":3,"minecraft:pumpkin_seeds":2,"minecraft:arrow":1,"minecraft:rotten_flesh":11,"croptopia:orange":3,"minecraft:iron_bars":8,"minecraft:white_wool":1,"minecraft:cobblestone":44},"minecraft:mined":{"croptopia:orange_crop":1,"minecraft:crafting_table":3,"minecraft:cobblestone":3,"minecraft:spruce_leaves":1,"minecraft:sugar_cane":3,"minecraft:blue_bed":1,"minecraft:spawner":9,"minecraft:furnace":2,"butchersdelight:deadcowblock":1,"minecraft:iron_ore":2,"minecraft:wheat":13,"minecraft:fire":4,"minecraft:pumpkin_stem":1,"minecraft:grass":2,"minecraft:potatoes":6,"minecraft:oak_log":2,"minecraft:iron_bars":6,"minecraft:dirt":8,"minecraft:cobweb":1,"minecraft:stone":41},"minecraft:killed":{"minecraft:spider":1,"minecraft:squid":2,"minecraft:skeleton":2,"minecraft:zombie":7,"minecraft:stray":1},"minecraft:dropped":{"minecraft:wheat_seeds":1,"minecraft:golden_axe":1,"minecraft:rotten_flesh":1,"supplementaries:bamboo_spikes_tipped":2,"minecraft:bundle":3,"xercamod:item_tea_seeds":1},"minecraft:crafted":{"minecraft:cooked_beef":2,"minecraft:oak_planks":256,"minecraft:spruce_planks":12,"minecraft:baked_potato":15,"minecraft:iron_sword":1,"minecraft:furnace":1,"minecraft:bread":3,"minecraft:air":0,"minecraft:iron_axe":1,"minecraft:stick":4,"minecraft:chest":3,"minecraft:shears":1},"minecraft:used":{"minecraft:stone_pickaxe":18,"minecraft:baked_potato":2,"minecraft:oak_planks":1,"minecraft:chest":3,"minecraft:shield":17,"minecraft:iron_sword":102,"minecraft:torch":1,"minecraft:golden_apple":2,"minecraft:dirt":12,"minecraft:crafting_table":2,"croptopia:orange":3,"minecraft:obsidian":5,"minecraft:oak_log":2,"minecraft:apple":6,"minecraft:bread":3,"minecraft:iron_axe":11,"minecraft:iron_pickaxe":49,"minecraft:iron_boots":1,"minecraft:cobblestone":3,"minecraft:furnace":2,"minecraft:cooked_beef":10}},"DataVersion":3465}