{"stats":{"minecraft:broken":{"minecraft:iron_shovel":1,"minecraft:iron_boots":1,"minecraft:iron_leggings":1,"minecraft:iron_axe":2,"minecraft:iron_sword":1,"minecraft:iron_helmet":2},"minecraft:used":{"minecraft:iron_shovel":474,"minecraft:flint_and_steel":8,"minecraft:spruce_slab":41,"duckling:cooked_duck":3,"minecraft:oak_sign":1,"minecraft:chest":11,"minecraft:shield":87,"minecraft:iron_sword":391,"minecraft:rotten_flesh":22,"minecraft:cooked_salmon":10,"minecraft:cooked_chicken":3,"minecraft:torch":56,"minecraft:dirt":116,"minecraft:spruce_stairs":6,"minecraft:nether_bricks":11,"minecraft:carrot":10,"artifacts:onion_ring":1,"minecraft:obsidian":5,"untamedwilds:food_bear_cooked":3,"minecraft:iron_axe":388,"minecraft:iron_boots":1,"minecraft:bow":114,"minecraft:sweet_berries":5,"minecraft:furnace":5,"biomesoplenty:fir_trapdoor":1,"untamedwilds:material_fat":2,"tombstone:gift":1,"minecraft:cooked_beef":18,"minecraft:cobbled_deepslate":23,"minecraft:cooked_mutton":1,"minecraft:baked_potato":22,"minecraft:oak_planks":13,"minecraft:stone_pickaxe":18,"minecraft:salmon":1,"minecraft:golden_apple":9,"biomesoplenty:fir_slab":45,"minecraft:tnt":12,"minecraft:crafting_table":6,"supplementaries:bomb":1,"minecraft:spruce_log":1,"croptopia:orange":3,"minecraft:oak_log":2,"minecraft:diamond_pickaxe":650,"minecraft:apple":12,"minecraft:bread":10,"minecraft:melon_slice":7,"minecraft:iron_pickaxe":211,"biomesoplenty:fir_stairs":10,"tombstone:grave_key":4,"farmersdelight:ham":1,"minecraft:diamond_sword":207,"minecraft:coal_block":1,"minecraft:cobblestone":15,"minecraft:cooked_porkchop":2,"minecraft:pumpkin_pie":10,"biomesoplenty:fir_log":73},"minecraft:killed_by":{"minecraft:skeleton":1,"minecraft:zombie":2},"minecraft:killed":{"minecraft:cave_spider":2,"minecraft:witch":1,"minecraft:spider":8,"minecraft:skeleton":37,"minecraft:drowned":1,"minecraft:silverfish":1,"artifacts:mimic":1,"duckling:duck":3,"untamedwilds:boar":3,"minecraft:squid":2,"untamedwilds:bear":1,"minecraft:zombie":58,"alexsmobs:terrapin":1,"minecraft:stray":4,"alexsmobs:crow":1,"minecraft:wither_skeleton":3},"minecraft:mined":{"minecraft:diamond_ore":1,"create:deepslate_zinc_ore":13,"croptopia:orange_crop":1,"minecraft:deepslate_diamond_ore":11,"minecraft:red_nether_bricks":1,"minecraft:nether_bricks":41,"minecraft:granite":6,"biomesoplenty:fir_slab":2,"minecraft:grass_block":239,"occultism:silver_ore_deepslate":23,"minecraft:coal_block":4,"minecraft:spruce_leaves":1,"minecraft:spawner":36,"theurgy:deepslate_sal_ammoniac_ore":6,"luckytntmod:deepslate_uranium_ore":10,"minecraft:furnace":3,"minecraft:barrel":1,"minecraft:iron_ore":9,"minecraft:cobbled_deepslate":3,"minecraft:fire":9,"minecraft:deepslate_lapis_ore":5,"minecraft:nether_brick_stairs":7,"minecraft:potatoes":6,"minecraft:dirt_path":2,"minecraft:deepslate_iron_ore":46,"minecraft:vine":3,"minecraft:iron_bars":21,"biomesoplenty:spider_egg":1,"minecraft:stone":439,"minecraft:cake":1,"minecraft:quartz_block":7,"minecraft:red_bed":1,"minecraft:soul_sand":1,"biomesoplenty:glowworm_silk":1,"minecraft:torch":3,"minecraft:crafting_table":5,"minecraft:blast_furnace":1,"minecraft:copper_ore":6,"minecraft:cobblestone":11,"theurgy:sal_ammoniac_ore":10,"minecraft:wall_torch":2,"minecraft:sugar_cane":3,"minecraft:oak_planks":4,"minecraft:blue_bed":1,"minecraft:spruce_stairs":1,"supplementaries:urn":55,"butchersdelight:deadcowblock":1,"minecraft:nether_wart_block":3,"minecraft:sweet_berry_bush":4,"minecraft:wheat":30,"minecraft:spruce_log":1,"minecraft:pumpkin_stem":1,"biomesoplenty:fir_log":337,"minecraft:grass":30,"minecraft:oak_log":2,"biomesoplenty:fir_leaves":9,"minecraft:sand":5,"biomesoplenty:fir_trapdoor":1,"minecraft:gravel":26,"biomesoplenty:stringy_cobweb":1,"minecraft:dirt":224,"minecraft:cobweb":32,"minecraft:netherrack":2,"minecraft:deepslate":114,"minecraft:fern":8},"minecraft:picked_up":{"minecraft:crafting_table":4,"minecraft:iron_chestplate":5,"minecraft:wheat":20,"minecraft:chainmail_boots":4,"xercamod:item_tea_seeds":5,"minecraft:diamond_sword":2,"occultism:raw_silver":21,"croptopia:calamari":2,"minecraft:shield":2,"biomesoplenty:fir_trapdoor":1,"minecraft:iron_axe":1,"minecraft:red_bed":1,"minecraft:string":21,"alexsmobs:ancient_dart":2,"untamedwilds:food_bear_raw":3,"minecraft:iron_leggings":2,"minecraft:oak_sign":1,"butchersdelight:dead_cow":3,"minecraft:gold_nugget":101,"minecraft:cobbled_deepslate":110,"minecraft:beef":6,"minecraft:iron_nugget":78,"xercamod:item_tomato_seeds":6,"minecraft:iron_pickaxe":1,"minecraft:coal_block":4,"minecraft:sugar_cane":3,"duckling:raw_duck":3,"minecraft:furnace":3,"minecraft:iron_boots":2,"minecraft:golden_helmet":1,"minecraft:tipped_arrow":4,"minecraft:stick":4,"minecraft:raw_iron":52,"artifacts:charm_of_sinking":1,"minecraft:torch":36,"minecraft:spruce_stairs":1,"supplementaries:bamboo_spikes_tipped":4,"minecraft:porkchop":2,"minecraft:golden_axe":1,"tombstone:grave_dust":10,"minecraft:carrot":3,"minecraft:redstone":1,"minecraft:stone_pressure_plate":1,"luckytntmod:deepslate_uranium_ore":10,"untamedwilds:hide_white":3,"minecraft:quartz_block":6,"minecraft:arrow":44,"minecraft:rotten_flesh":60,"minecraft:nether_bricks":36,"supplementaries:antique_ink":7,"biomesoplenty:fir_slab":3,"minecraft:gold_ingot":4,"sophisticatedbackpacks:copper_backpack":1,"supplementaries:ash":48,"minecraft:iron_bars":21,"minecraft:white_wool":1,"minecraft:cobblestone":661,"xercamod:item_rice_seeds":6,"occultism:datura_seeds":3,"minecraft:feather":5,"minecraft:iron_door":1,"minecraft:glow_ink_sac":10,"biomesoplenty:fir_log":334,"doggytalents:rice_grains":8,"minecraft:potato":22,"artifacts:onion_ring":2,"paraglider:spirit_orb":70,"minecraft:flint":5,"minecraft:crimson_fungus":32,"create:raw_zinc":13,"minecraft:oak_log":68,"minecraft:chainmail_chestplate":1,"supplementaries:flax_seeds":4,"minecraft:golden_boots":1,"minecraft:nether_wart_block":2,"minecraft:gunpowder":2,"minecraft:lapis_lazuli":36,"minecraft:dirt":611,"minecraft:blue_bed":1,"minecraft:paper":1,"minecraft:leather_boots":2,"minecraft:bone":71,"theurgy:sal_ammoniac_crystal":23,"untamedwilds:material_fat":4,"minecraft:bow":5,"minecraft:wheat_seeds":67,"minecraft:raw_gold":8,"minecraft:stone_pickaxe":1,"minecraft:iron_sword":6,"minecraft:oak_planks":4,"minecraft:soul_sand":2,"duckling:duck_egg":2,"biomesoplenty:toadstool":1,"minecraft:cooked_porkchop":2,"minecraft:sweet_berries":4,"minecraft:gravel":20,"butchersdelight:cow_hide":3,"minecraft:sand":4,"minecraft:spruce_log":156,"minecraft:blast_furnace":1,"minecraft:nether_brick_stairs":4,"minecraft:ink_sac":4,"minecraft:dark_oak_log":1,"minecraft:barrel":1,"minecraft:spider_eye":1,"minecraft:bundle":4,"minecraft:pumpkin_seeds":2,"minecraft:diamond":12,"minecraft:chainmail_leggings":1,"minecraft:iron_helmet":3,"croptopia:orange":3,"minecraft:granite":1,"minecraft:bread":3,"minecraft:emerald":19,"tombstone:magic_scroll":1,"minecraft:netherrack":1,"minecraft:coal":2},"minecraft:dropped":{"minecraft:nether_brick_stairs":1,"minecraft:iron_sword":6,"minecraft:soul_sand":2,"minecraft:wheat_seeds":1,"minecraft:ender_pearl":1,"minecraft:golden_axe":1,"minecraft:granite":1,"minecraft:coal":2,"paraglider:spirit_orb":24,"minecraft:nether_wart_block":1,"xercamod:item_tea_seeds":1,"tombstone:grave_dust":3,"minecraft:gold_nugget":17,"minecraft:iron_shovel":1,"minecraft:gold_ingot":4,"minecraft:bone":2,"minecraft:cobbled_deepslate":12,"tombstone:gift":1,"minecraft:experience_bottle":9,"minecraft:rotten_flesh":10,"alexsmobs:ancient_dart":1,"supplementaries:bamboo_spikes_tipped":2,"minecraft:shield":1,"minecraft:bundle":3,"artifacts:onion_ring":2,"minecraft:iron_bars":2,"minecraft:raw_gold":8,"minecraft:netherrack":1},"minecraft:custom":{"minecraft:mob_kills":133,"minecraft:interact_with_crafting_table":59,"minecraft:open_barrel":21,"goblintraders:trade_with_goblin":1,"minecraft:interact_with_campfire":2,"minecraft:damage_dealt_resisted":1227,"minecraft:leave_game":2,"minecraft:time_since_death":38404,"minecraft:climb_one_cm":5455,"minecraft:sprint_one_cm":905634,"minecraft:walk_one_cm":938706,"minecraft:damage_blocked_by_shield":2361,"minecraft:drop":53,"minecraft:damage_dealt_absorbed":80,"minecraft:play_time":299797,"minecraft:sneak_time":5786,"minecraft:deaths":5,"minecraft:walk_under_water_one_cm":10125,"minecraft:jump":2975,"minecraft:walk_on_water_one_cm":44436,"minecraft:total_world_time":299797,"minecraft:interact_with_furnace":33,"tombstone:raider_killed":1,"minecraft:sleep_in_bed":5,"minecraft:time_since_rest":38187,"minecraft:damage_taken":12701,"minecraft:damage_absorbed":234,"minecraft:trigger_trapped_chest":1,"minecraft:damage_dealt":24025,"minecraft:swim_one_cm":17924,"minecraft:fly_one_cm":457990,"minecraft:player_kills":1,"minecraft:open_chest":200,"minecraft:crouch_one_cm":11915,"tombstone:undead_killed":103,"minecraft:fall_one_cm":74265},"minecraft:crafted":{"biomesoplenty:fir_stairs":116,"minecraft:oak_planks":256,"minecraft:oak_sign":3,"minecraft:furnace":2,"minecraft:spruce_fence":33,"minecraft:flint_and_steel":1,"minecraft:spruce_stairs":112,"minecraft:iron_axe":3,"biomesoplenty:fir_slab":258,"tombstone:grave_key":1,"minecraft:spruce_slab":126,"minecraft:chest":11,"untamedwilds:food_bear_cooked":3,"sophisticatedbackpacks:iron_backpack":1,"minecraft:cooked_beef":6,"minecraft:crafting_table":2,"minecraft:spruce_planks":432,"minecraft:baked_potato":15,"minecraft:iron_sword":1,"duckling:cooked_duck":3,"minecraft:cooked_salmon":10,"sophisticatedbackpacks:gold_backpack":1,"minecraft:air":0,"minecraft:bread":5,"biomesoplenty:fir_planks":556,"aquaculture:iron_fillet_knife":1,"minecraft:spruce_trapdoor":42,"biomesoplenty:fir_fence":33,"sophisticatedbackpacks:diamond_backpack":1,"minecraft:stick":60,"minecraft:iron_ingot":2,"minecraft:iron_shovel":1,"minecraft:shears":1,"biomesoplenty:fir_trapdoor":40}},"DataVersion":3465}