{"stats":{"minecraft:custom":{"minecraft:time_since_rest":10117,"minecraft:interact_with_furnace":15,"minecraft:sprint_one_cm":68961,"minecraft:walk_one_cm":71037,"minecraft:damage_taken":441,"minecraft:mob_kills":4,"minecraft:drop":3,"minecraft:damage_dealt":746,"minecraft:swim_one_cm":7122,"minecraft:interact_with_crafting_table":9,"minecraft:fly_one_cm":92955,"minecraft:open_chest":10,"minecraft:play_time":27570,"tombstone:undead_killed":2,"minecraft:walk_under_water_one_cm":2013,"minecraft:jump":444,"minecraft:damage_dealt_resisted":638,"minecraft:walk_on_water_one_cm":5741,"minecraft:time_since_death":27570,"minecraft:sleep_in_bed":4,"minecraft:climb_one_cm":185,"minecraft:total_world_time":27570,"minecraft:fall_one_cm":12389},"minecraft:picked_up":{"minecraft:tipped_arrow":1,"occultism:datura_seeds":1,"minecraft:iron_chestplate":2,"minecraft:stick":2,"minecraft:crafting_table":3,"minecraft:wheat":12,"xercamod:item_tea_seeds":1,"minecraft:potato":15,"butchersdelight:cow_hide":1,"minecraft:golden_axe":1,"croptopia:calamari":2,"minecraft:oak_log":68,"minecraft:ink_sac":4,"minecraft:dirt":20,"minecraft:blue_bed":1,"minecraft:iron_leggings":1,"minecraft:pumpkin_seeds":2,"minecraft:bone":1,"butchersdelight:dead_cow":3,"minecraft:rotten_flesh":1,"minecraft:wheat_seeds":38,"croptopia:orange":3,"minecraft:beef":2,"minecraft:sugar_cane":3,"minecraft:oak_planks":1,"minecraft:white_wool":1,"minecraft:cobblestone":19,"minecraft:furnace":2},"minecraft:mined":{"croptopia:orange_crop":1,"minecraft:furnace":2,"butchersdelight:deadcowblock":1,"minecraft:fire":4,"minecraft:wheat":13,"minecraft:pumpkin_stem":1,"minecraft:crafting_table":3,"minecraft:grass":2,"minecraft:potatoes":6,"minecraft:oak_log":2,"minecraft:dirt":8,"minecraft:sugar_cane":3,"minecraft:stone":19,"minecraft:blue_bed":1},"minecraft:killed":{"minecraft:zombie":1,"minecraft:stray":1,"minecraft:squid":2},"minecraft:dropped":{"minecraft:wheat_seeds":1,"xercamod:item_tea_seeds":1,"minecraft:golden_axe":1},"minecraft:crafted":{"minecraft:cooked_beef":2,"minecraft:oak_planks":8,"minecraft:iron_axe":1,"minecraft:spruce_planks":12,"minecraft:stick":4,"minecraft:baked_potato":15,"minecraft:iron_sword":1,"minecraft:furnace":1,"minecraft:shears":1,"minecraft:air":0,"minecraft:bread":3},"minecraft:used":{"minecraft:oak_log":2,"minecraft:apple":3,"minecraft:oak_planks":1,"minecraft:iron_axe":11,"minecraft:bread":2,"minecraft:baked_potato":2,"minecraft:iron_pickaxe":25,"minecraft:iron_sword":55,"minecraft:iron_boots":1,"minecraft:dirt":12,"minecraft:crafting_table":2,"minecraft:furnace":2,"minecraft:cooked_beef":2,"minecraft:obsidian":5}},"DataVersion":3465}