{"stats":{"minecraft:used":{"croptopia:grape":1,"minecraft:stone_sword":18,"minecraft:stone_pickaxe":125,"minecraft:chest":1,"minecraft:wooden_pickaxe":20,"minecraft:crafting_table":2,"minecraft:granite":10,"minecraft:stone_axe":23,"minecraft:furnace":1,"tombstone:gift":3,"minecraft:cobbled_deepslate":17},"minecraft:killed_by":{"minecraft:zombie":1},"minecraft:killed":{"untamedwilds:big_cat":1,"minecraft:sheep":4},"minecraft:mined":{"biomesoplenty:orange_autumn_leaves":6,"minecraft:spruce_planks":4,"croptopia:grape_crop":1,"minecraft:dark_oak_log":9,"minecraft:crafting_table":1,"butchersdelight:deadsheepblock":2,"minecraft:granite":57,"minecraft:grass_block":7,"minecraft:dead_bush":1,"minecraft:tall_grass":3,"biomesoplenty:sprout":1,"theurgy:deepslate_sal_ammoniac_ore":6,"minecraft:seagrass":1,"minecraft:iron_ore":16,"minecraft:cobbled_deepslate":7,"minecraft:deepslate_lapis_ore":3,"minecraft:grass":22,"k_turrets:titanium_ore":9,"minecraft:oak_log":5,"minecraft:coal_ore":9,"minecraft:dirt":1,"minecraft:stone":7,"minecraft:deepslate":23},"minecraft:picked_up":{"occultism:datura_seeds":1,"xercamod:item_rice_seeds":1,"minecraft:crafting_table":1,"minecraft:air":0,"minecraft:feather":2,"xercamod:item_tea_seeds":1,"minecraft:chicken":1,"croptopia:grape_seed":1,"minecraft:diamond_sword":1,"doggytalents:rice_grains":3,"butchersdelight:deadpig":2,"minecraft:oak_log":5,"minecraft:lapis_lazuli":19,"minecraft:dirt":8,"tombstone:gift":1,"butchersdelight:deadchiken":1,"minecraft:bone":3,"theurgy:sal_ammoniac_crystal":6,"minecraft:wheat_seeds":4,"minecraft:cobbled_deepslate":28,"minecraft:spruce_planks":4,"xercamod:item_tomato_seeds":1,"minecraft:egg":2,"minecraft:raw_iron":15,"minecraft:porkchop":4,"farmersdelight:ham":2,"minecraft:dark_oak_log":5,"croptopia:grape":1,"untamedwilds:hide_gray":2,"butchersdelight:sheephide":4,"butchersdelight:deadsheep":6,"k_turrets:raw_titanium":8,"minecraft:granite":55,"minecraft:mutton":4,"minecraft:coal":8,"minecraft:white_wool":4,"minecraft:cobblestone":6},"minecraft:crafted":{"minecraft:oak_planks":20,"minecraft:crafting_table":1,"minecraft:wooden_pickaxe":1,"minecraft:furnace":1,"minecraft:stone_axe":1,"minecraft:stick":12,"minecraft:stone_pickaxe":1,"minecraft:stone_sword":1,"minecraft:chest":1,"minecraft:dark_oak_planks":20,"aquaculture:wooden_fillet_knife":1},"minecraft:custom":{"minecraft:interact_with_furnace":2,"minecraft:mob_kills":5,"minecraft:interact_with_crafting_table":6,"minecraft:leave_game":4,"minecraft:time_since_death":43211,"minecraft:climb_one_cm":1409,"minecraft:time_since_rest":42510,"minecraft:sprint_one_cm":44733,"minecraft:damage_taken":980,"minecraft:walk_one_cm":67429,"minecraft:damage_dealt":1090,"minecraft:swim_one_cm":9186,"minecraft:fly_one_cm":33544,"minecraft:open_chest":6,"minecraft:crouch_one_cm":1667,"minecraft:play_time":71851,"minecraft:deaths":1,"minecraft:sneak_time":1642,"minecraft:walk_under_water_one_cm":9529,"minecraft:jump":371,"minecraft:walk_on_water_one_cm":4584,"minecraft:total_world_time":71851,"minecraft:fall_one_cm":6392}},"DataVersion":3465}