{"stats":{"minecraft:broken":{"minecraft:stone_pickaxe":1},"minecraft:used":{"minecraft:stone_sword":18,"minecraft:chest":2,"aquaculture:wooden_fillet_knife":7,"minecraft:cooked_chicken":1,"minecraft:torch":35,"minecraft:granite":45,"minecraft:furnace":1,"tombstone:gift":5,"minecraft:cobbled_deepslate":17,"minecraft:iron_leggings":1,"croptopia:grape":1,"minecraft:cooked_mutton":4,"minecraft:stone_pickaxe":191,"minecraft:wooden_pickaxe":32,"minecraft:crafting_table":2,"minecraft:white_bed":1,"sophisticatedbackpacks:backpack":1,"minecraft:bread":11,"minecraft:iron_pickaxe":66,"farmersdelight:ham":2,"minecraft:stone_axe":35,"minecraft:diamond_sword":282,"minecraft:cooked_porkchop":1},"minecraft:killed_by":{"minecraft:skeleton":2,"minecraft:zombie":1},"minecraft:killed":{"minecraft:cave_spider":4,"minecraft:spider":2,"minecraft:skeleton":5,"alexsmobs:banana_slug":2,"untamedwilds:big_cat":1,"minecraft:sheep":7,"minecraft:zombie":9,"alexsmobs:crow":1},"minecraft:mined":{"create:zinc_ore":1,"biomesoplenty:orange_autumn_leaves":6,"minecraft:spruce_planks":6,"croptopia:grape_crop":1,"minecraft:dark_oak_log":9,"minecraft:granite":62,"butchersdelight:deadsheepblock":2,"minecraft:grass_block":9,"minecraft:spruce_fence":1,"minecraft:spawner":2,"theurgy:deepslate_sal_ammoniac_ore":6,"minecraft:iron_ore":37,"minecraft:cobbled_deepslate":7,"minecraft:andesite":3,"minecraft:deepslate_lapis_ore":3,"minecraft:rail":1,"minecraft:stone":28,"sophisticatedbackpacks:backpack":1,"minecraft:dandelion":1,"minecraft:crafting_table":1,"minecraft:torch":11,"minecraft:dead_bush":1,"minecraft:tall_grass":3,"minecraft:copper_ore":3,"biomesoplenty:sprout":4,"theurgy:sal_ammoniac_ore":12,"minecraft:grindstone":1,"minecraft:sugar_cane":2,"minecraft:wall_torch":19,"supplementaries:urn":4,"minecraft:seagrass":1,"untamedwilds:block_burrow":1,"biomesoplenty:maple_leaves":6,"biomesoplenty:fir_log":4,"k_turrets:titanium_ore":16,"minecraft:grass":29,"minecraft:coal_ore":43,"minecraft:oak_log":6,"minecraft:sunflower":2,"minecraft:dirt":1,"minecraft:cobweb":78,"minecraft:deepslate":23,"luckytntmod:gunpowder_ore":11},"minecraft:dropped":{"minecraft:iron_sword":2,"minecraft:wheat_seeds":1,"tombstone:grave_dust":1,"minecraft:dandelion":1,"minecraft:bone":2,"minecraft:rotten_flesh":4},"minecraft:picked_up":{"minecraft:crafting_table":1,"xercamod:item_tea_seeds":1,"minecraft:chicken":1,"croptopia:grape_seed":1,"minecraft:diamond_sword":5,"minecraft:enchanted_book":1,"minecraft:string":64,"butchersdelight:dead_cow":4,"minecraft:cobbled_deepslate":28,"minecraft:spruce_planks":5,"minecraft:beef":8,"xercamod:item_tomato_seeds":1,"minecraft:sugar_cane":6,"minecraft:egg":2,"minecraft:raw_iron":35,"minecraft:torch":41,"sophisticatedbackpacks:backpack":1,"minecraft:porkchop":4,"tombstone:grave_dust":2,"croptopia:grape":1,"butchersdelight:deadsheep":9,"minecraft:rotten_flesh":6,"k_turrets:raw_titanium":15,"supplementaries:ash":7,"minecraft:mutton":4,"minecraft:cobblestone":24,"minecraft:white_wool":6,"xercamod:item_rice_seeds":2,"occultism:datura_seeds":2,"minecraft:air":0,"minecraft:feather":2,"minecraft:andesite":3,"doggytalents:rice_grains":4,"biomesoplenty:fir_log":4,"paraglider:spirit_orb":4,"butchersdelight:deadpig":4,"create:raw_zinc":1,"minecraft:oak_log":40,"supplementaries:flax_seeds":6,"minecraft:gunpowder":40,"minecraft:lapis_lazuli":19,"minecraft:dirt":9,"tombstone:gift":2,"butchersdelight:deadchiken":3,"minecraft:bone":11,"theurgy:sal_ammoniac_crystal":10,"minecraft:wheat_seeds":6,"minecraft:iron_ingot":1,"minecraft:grindstone":1,"minecraft:iron_sword":3,"minecraft:dandelion":1,"butchersdelight:cow_hide":4,"farmersdelight:ham":2,"minecraft:dark_oak_log":5,"minecraft:spider_eye":4,"butchersdelight:sheephide":4,"untamedwilds:hide_gray":2,"minecraft:granite":60,"alexsmobs:banana_slug_slime":3,"tombstone:magic_scroll":1,"minecraft:oak_sapling":1,"minecraft:coal":39,"minecraft:sunflower":2},"minecraft:custom":{"minecraft:mob_kills":31,"minecraft:interact_with_crafting_table":18,"minecraft:open_barrel":4,"minecraft:leave_game":4,"minecraft:time_since_death":54919,"minecraft:climb_one_cm":2776,"minecraft:sprint_one_cm":241905,"minecraft:walk_one_cm":224345,"minecraft:drop":8,"minecraft:play_time":173851,"minecraft:deaths":4,"minecraft:sneak_time":2362,"minecraft:walk_under_water_one_cm":10600,"minecraft:jump":977,"minecraft:walk_on_water_one_cm":8812,"minecraft:total_world_time":173851,"minecraft:interact_with_furnace":22,"minecraft:sleep_in_bed":5,"minecraft:time_since_rest":52299,"minecraft:damage_taken":4665,"minecraft:damage_dealt":7728,"minecraft:swim_one_cm":10824,"minecraft:fly_one_cm":105233,"minecraft:open_chest":38,"minecraft:crouch_one_cm":3093,"tombstone:undead_killed":14,"minecraft:fall_one_cm":14739},"minecraft:crafted":{"minecraft:oak_planks":84,"minecraft:cooked_chicken":1,"minecraft:furnace":1,"minecraft:cooked_mutton":4,"minecraft:stone_pickaxe":2,"minecraft:chest":3,"minecraft:dark_oak_planks":20,"aquaculture:wooden_fillet_knife":1,"sophisticatedbackpacks:iron_backpack":1,"sophisticatedbackpacks:backpack":1,"minecraft:cooked_porkchop":4,"minecraft:crafting_table":1,"minecraft:wooden_pickaxe":1,"minecraft:stone_axe":1,"minecraft:air":0,"minecraft:stick":12,"minecraft:iron_ingot":10,"minecraft:stone_sword":1,"minecraft:white_bed":1,"minecraft:torch":4}},"DataVersion":3465}