{"stats":{"minecraft:broken":{"minecraft:stone_pickaxe":1},"minecraft:used":{"minecraft:cooked_mutton":4,"croptopia:grape":1,"minecraft:stone_sword":18,"minecraft:stone_pickaxe":161,"minecraft:chest":1,"minecraft:wooden_pickaxe":32,"minecraft:cooked_chicken":1,"minecraft:torch":12,"minecraft:crafting_table":2,"minecraft:white_bed":1,"minecraft:granite":30,"minecraft:bread":2,"farmersdelight:ham":2,"minecraft:stone_axe":32,"minecraft:diamond_sword":55,"minecraft:furnace":1,"tombstone:gift":3,"minecraft:cobbled_deepslate":17},"minecraft:killed_by":{"minecraft:zombie":1},"minecraft:killed":{"untamedwilds:big_cat":1,"minecraft:sheep":7,"minecraft:zombie":3,"alexsmobs:banana_slug":2,"alexsmobs:crow":1},"minecraft:mined":{"biomesoplenty:orange_autumn_leaves":6,"minecraft:spruce_planks":4,"croptopia:grape_crop":1,"minecraft:dark_oak_log":9,"minecraft:dandelion":1,"minecraft:crafting_table":1,"butchersdelight:deadsheepblock":2,"minecraft:granite":60,"minecraft:grass_block":9,"minecraft:dead_bush":1,"minecraft:tall_grass":3,"biomesoplenty:sprout":4,"minecraft:grindstone":1,"minecraft:sugar_cane":2,"minecraft:wall_torch":11,"theurgy:deepslate_sal_ammoniac_ore":6,"minecraft:seagrass":1,"untamedwilds:block_burrow":1,"minecraft:iron_ore":21,"minecraft:cobbled_deepslate":7,"biomesoplenty:maple_leaves":6,"biomesoplenty:fir_log":4,"minecraft:deepslate_lapis_ore":3,"minecraft:grass":29,"k_turrets:titanium_ore":14,"minecraft:oak_log":6,"minecraft:coal_ore":20,"minecraft:sunflower":2,"minecraft:dirt":1,"minecraft:stone":20,"minecraft:deepslate":23},"minecraft:dropped":{"minecraft:wheat_seeds":1,"minecraft:rotten_flesh":4,"minecraft:dandelion":1},"minecraft:picked_up":{"occultism:datura_seeds":2,"xercamod:item_rice_seeds":2,"minecraft:crafting_table":1,"minecraft:air":0,"minecraft:feather":2,"xercamod:item_tea_seeds":1,"minecraft:chicken":1,"croptopia:grape_seed":1,"minecraft:diamond_sword":1,"doggytalents:rice_grains":4,"biomesoplenty:fir_log":4,"butchersdelight:deadpig":4,"minecraft:oak_log":40,"minecraft:lapis_lazuli":19,"minecraft:dirt":9,"tombstone:gift":1,"butchersdelight:deadchiken":3,"minecraft:bone":3,"butchersdelight:dead_cow":4,"theurgy:sal_ammoniac_crystal":6,"minecraft:wheat_seeds":6,"minecraft:cobbled_deepslate":28,"minecraft:spruce_planks":4,"minecraft:grindstone":1,"minecraft:iron_ingot":1,"xercamod:item_tomato_seeds":1,"minecraft:sugar_cane":6,"minecraft:iron_sword":1,"minecraft:egg":2,"minecraft:raw_iron":20,"minecraft:torch":10,"minecraft:dandelion":1,"minecraft:porkchop":4,"farmersdelight:ham":2,"minecraft:dark_oak_log":5,"minecraft:rotten_flesh":4,"croptopia:grape":1,"untamedwilds:hide_gray":2,"butchersdelight:sheephide":4,"butchersdelight:deadsheep":9,"k_turrets:raw_titanium":13,"minecraft:granite":58,"alexsmobs:banana_slug_slime":3,"minecraft:oak_sapling":1,"minecraft:mutton":4,"minecraft:coal":19,"minecraft:white_wool":6,"minecraft:cobblestone":19,"minecraft:sunflower":2},"minecraft:crafted":{"minecraft:oak_planks":20,"minecraft:cooked_porkchop":4,"minecraft:crafting_table":1,"minecraft:wooden_pickaxe":1,"minecraft:cooked_chicken":1,"minecraft:furnace":1,"minecraft:stone_axe":1,"minecraft:cooked_mutton":4,"minecraft:air":0,"minecraft:stick":12,"minecraft:stone_pickaxe":2,"minecraft:white_bed":1,"minecraft:stone_sword":1,"minecraft:chest":1,"minecraft:torch":4,"minecraft:dark_oak_planks":20,"aquaculture:wooden_fillet_knife":1},"minecraft:custom":{"minecraft:interact_with_furnace":8,"minecraft:mob_kills":14,"minecraft:interact_with_crafting_table":11,"minecraft:leave_game":4,"minecraft:time_since_death":79211,"minecraft:sleep_in_bed":3,"minecraft:climb_one_cm":1485,"minecraft:time_since_rest":3597,"minecraft:sprint_one_cm":133444,"minecraft:damage_taken":1230,"minecraft:walk_one_cm":124566,"minecraft:drop":3,"minecraft:damage_dealt":2832,"minecraft:swim_one_cm":10824,"tombstone:undead_killed":3,"minecraft:fly_one_cm":81736,"minecraft:open_chest":21,"minecraft:crouch_one_cm":1745,"minecraft:play_time":107851,"minecraft:deaths":1,"minecraft:sneak_time":1732,"minecraft:walk_under_water_one_cm":10600,"minecraft:jump":667,"minecraft:walk_on_water_one_cm":6222,"minecraft:total_world_time":107851,"minecraft:fall_one_cm":12061}},"DataVersion":3465}