{"stats":{"minecraft:used":{"minecraft:wooden_pickaxe":14,"minecraft:crafting_table":1,"tombstone:gift":3,"minecraft:cobbled_deepslate":8},"minecraft:killed_by":{"minecraft:zombie":1},"minecraft:mined":{"minecraft:seagrass":1,"minecraft:cobbled_deepslate":3,"butchersdelight:deadsheepblock":1,"minecraft:grass":21,"minecraft:grass_block":5,"minecraft:oak_log":5,"minecraft:dead_bush":1,"minecraft:tall_grass":2,"minecraft:deepslate":10},"minecraft:killed":{"minecraft:sheep":4},"minecraft:picked_up":{"occultism:datura_seeds":1,"xercamod:item_rice_seeds":1,"xercamod:item_tea_seeds":1,"doggytalents:rice_grains":2,"butchersdelight:deadpig":2,"minecraft:oak_log":5,"minecraft:dirt":5,"tombstone:gift":1,"butchersdelight:deadchiken":1,"butchersdelight:deadsheep":5,"minecraft:wheat_seeds":3,"minecraft:cobbled_deepslate":13,"xercamod:item_tomato_seeds":1,"minecraft:white_wool":4,"minecraft:egg":2},"minecraft:crafted":{"minecraft:oak_planks":20,"minecraft:crafting_table":1,"minecraft:stick":4,"minecraft:wooden_pickaxe":1},"minecraft:custom":{"minecraft:time_since_rest":6510,"minecraft:sprint_one_cm":24866,"minecraft:damage_taken":505,"minecraft:walk_one_cm":31116,"minecraft:mob_kills":4,"minecraft:damage_dealt":790,"minecraft:swim_one_cm":2353,"minecraft:interact_with_crafting_table":1,"minecraft:fly_one_cm":27888,"minecraft:crouch_one_cm":281,"minecraft:play_time":35851,"minecraft:deaths":1,"minecraft:sneak_time":443,"minecraft:walk_under_water_one_cm":9416,"minecraft:jump":174,"minecraft:leave_game":4,"minecraft:walk_on_water_one_cm":4041,"minecraft:time_since_death":7211,"minecraft:climb_one_cm":1409,"minecraft:total_world_time":35851,"minecraft:fall_one_cm":2377}},"DataVersion":3465}