{"stats":{"minecraft:killed":{"minecraft:sheep":3},"minecraft:mined":{"minecraft:grass":11,"minecraft:seagrass":1,"minecraft:dead_bush":1},"minecraft:picked_up":{"xercamod:item_rice_seeds":1,"butchersdelight:deadchiken":1,"xercamod:item_tea_seeds":1,"butchersdelight:deadsheep":3,"minecraft:wheat_seeds":1,"doggytalents:rice_grains":1,"xercamod:item_tomato_seeds":1,"minecraft:white_wool":3,"minecraft:egg":2},"minecraft:custom":{"minecraft:time_since_rest":23851,"minecraft:play_time":23851,"minecraft:sprint_one_cm":11874,"minecraft:walk_one_cm":3568,"minecraft:mob_kills":3,"minecraft:jump":64,"minecraft:damage_dealt":368,"minecraft:leave_game":4,"minecraft:time_since_death":23851,"minecraft:walk_on_water_one_cm":2905,"minecraft:total_world_time":23851,"minecraft:climb_one_cm":528,"minecraft:fall_one_cm":894,"minecraft:fly_one_cm":17136}},"DataVersion":3465}