{"stats":{"minecraft:broken":{"minecraft:stone_pickaxe":1},"minecraft:used":{"minecraft:cooked_mutton":4,"croptopia:grape":1,"minecraft:stone_sword":18,"minecraft:stone_pickaxe":189,"minecraft:chest":1,"minecraft:wooden_pickaxe":32,"minecraft:cooked_chicken":1,"minecraft:torch":16,"minecraft:crafting_table":2,"minecraft:white_bed":1,"minecraft:granite":35,"minecraft:bread":6,"farmersdelight:ham":2,"minecraft:stone_axe":35,"minecraft:diamond_sword":158,"minecraft:furnace":1,"tombstone:gift":5,"minecraft:cobbled_deepslate":17},"minecraft:killed_by":{"minecraft:skeleton":2,"minecraft:zombie":1},"minecraft:killed":{"minecraft:spider":1,"untamedwilds:big_cat":1,"minecraft:sheep":7,"minecraft:skeleton":3,"minecraft:zombie":7,"alexsmobs:banana_slug":2,"alexsmobs:crow":1},"minecraft:mined":{"biomesoplenty:orange_autumn_leaves":6,"minecraft:spruce_planks":6,"croptopia:grape_crop":1,"minecraft:dark_oak_log":9,"minecraft:dandelion":1,"minecraft:torch":1,"minecraft:crafting_table":1,"butchersdelight:deadsheepblock":2,"minecraft:granite":60,"minecraft:spruce_fence":1,"minecraft:grass_block":9,"minecraft:dead_bush":1,"minecraft:tall_grass":3,"biomesoplenty:sprout":4,"minecraft:grindstone":1,"minecraft:sugar_cane":2,"minecraft:wall_torch":13,"supplementaries:urn":4,"theurgy:deepslate_sal_ammoniac_ore":6,"minecraft:seagrass":1,"untamedwilds:block_burrow":1,"minecraft:iron_ore":29,"minecraft:cobbled_deepslate":7,"biomesoplenty:maple_leaves":6,"biomesoplenty:fir_log":4,"minecraft:deepslate_lapis_ore":3,"minecraft:grass":29,"k_turrets:titanium_ore":14,"minecraft:oak_log":6,"minecraft:coal_ore":27,"minecraft:sunflower":2,"minecraft:dirt":1,"minecraft:cobweb":4,"minecraft:stone":21,"minecraft:deepslate":23},"minecraft:dropped":{"minecraft:iron_sword":1,"minecraft:wheat_seeds":1,"minecraft:rotten_flesh":4,"tombstone:grave_dust":1,"minecraft:dandelion":1,"minecraft:bone":2},"minecraft:picked_up":{"occultism:datura_seeds":2,"xercamod:item_rice_seeds":2,"minecraft:crafting_table":1,"minecraft:air":0,"minecraft:feather":2,"xercamod:item_tea_seeds":1,"minecraft:chicken":1,"croptopia:grape_seed":1,"minecraft:diamond_sword":5,"doggytalents:rice_grains":4,"biomesoplenty:fir_log":4,"minecraft:enchanted_book":1,"butchersdelight:deadpig":4,"supplementaries:flax_seeds":6,"minecraft:oak_log":40,"minecraft:string":4,"minecraft:lapis_lazuli":19,"minecraft:dirt":9,"tombstone:gift":2,"butchersdelight:deadchiken":3,"minecraft:bone":9,"butchersdelight:dead_cow":4,"theurgy:sal_ammoniac_crystal":6,"minecraft:wheat_seeds":6,"minecraft:cobbled_deepslate":28,"minecraft:spruce_planks":5,"minecraft:grindstone":1,"minecraft:iron_ingot":1,"xercamod:item_tomato_seeds":1,"minecraft:sugar_cane":6,"minecraft:iron_sword":2,"minecraft:egg":2,"minecraft:raw_iron":28,"minecraft:torch":27,"minecraft:dandelion":1,"minecraft:porkchop":4,"tombstone:grave_dust":2,"minecraft:spider_eye":1,"farmersdelight:ham":2,"minecraft:dark_oak_log":5,"minecraft:rotten_flesh":4,"croptopia:grape":1,"untamedwilds:hide_gray":2,"butchersdelight:sheephide":4,"butchersdelight:deadsheep":9,"k_turrets:raw_titanium":13,"minecraft:granite":58,"supplementaries:ash":7,"alexsmobs:banana_slug_slime":3,"minecraft:oak_sapling":1,"minecraft:mutton":4,"minecraft:coal":26,"minecraft:white_wool":6,"minecraft:cobblestone":20,"minecraft:sunflower":2},"minecraft:crafted":{"minecraft:oak_planks":20,"minecraft:cooked_porkchop":4,"minecraft:crafting_table":1,"minecraft:wooden_pickaxe":1,"minecraft:cooked_chicken":1,"minecraft:furnace":1,"minecraft:stone_axe":1,"minecraft:cooked_mutton":4,"minecraft:air":0,"minecraft:stick":12,"minecraft:stone_pickaxe":2,"minecraft:white_bed":1,"minecraft:stone_sword":1,"minecraft:chest":1,"minecraft:torch":4,"minecraft:dark_oak_planks":20,"aquaculture:wooden_fillet_knife":1},"minecraft:custom":{"minecraft:interact_with_furnace":10,"minecraft:mob_kills":22,"minecraft:interact_with_crafting_table":11,"minecraft:leave_game":4,"minecraft:time_since_death":919,"minecraft:sleep_in_bed":3,"minecraft:climb_one_cm":2776,"minecraft:time_since_rest":371,"minecraft:sprint_one_cm":185365,"minecraft:damage_taken":4350,"minecraft:walk_one_cm":168947,"minecraft:drop":7,"minecraft:damage_dealt":6330,"minecraft:swim_one_cm":10824,"tombstone:undead_killed":10,"minecraft:fly_one_cm":96095,"minecraft:open_chest":22,"minecraft:crouch_one_cm":1861,"minecraft:play_time":119851,"minecraft:deaths":4,"minecraft:sneak_time":1883,"minecraft:walk_under_water_one_cm":10600,"minecraft:jump":833,"minecraft:walk_on_water_one_cm":6222,"minecraft:total_world_time":119851,"minecraft:fall_one_cm":13734}},"DataVersion":3465}