{"stats":{"minecraft:used":{"minecraft:stone_pickaxe":24,"minecraft:wooden_pickaxe":20,"minecraft:stone_axe":1,"minecraft:crafting_table":1,"tombstone:gift":3,"minecraft:cobbled_deepslate":9},"minecraft:killed_by":{"minecraft:zombie":1},"minecraft:killed":{"minecraft:sheep":4},"minecraft:mined":{"theurgy:deepslate_sal_ammoniac_ore":6,"minecraft:seagrass":1,"minecraft:cobbled_deepslate":5,"minecraft:deepslate_lapis_ore":3,"minecraft:crafting_table":1,"butchersdelight:deadsheepblock":1,"minecraft:grass":21,"minecraft:grass_block":5,"minecraft:oak_log":5,"minecraft:dead_bush":1,"minecraft:tall_grass":2,"minecraft:deepslate":23},"minecraft:picked_up":{"occultism:datura_seeds":1,"xercamod:item_rice_seeds":1,"minecraft:crafting_table":1,"xercamod:item_tea_seeds":1,"doggytalents:rice_grains":2,"butchersdelight:deadpig":2,"minecraft:oak_log":5,"minecraft:lapis_lazuli":19,"minecraft:dirt":5,"tombstone:gift":1,"butchersdelight:deadchiken":1,"butchersdelight:deadsheep":5,"theurgy:sal_ammoniac_crystal":6,"minecraft:wheat_seeds":3,"minecraft:cobbled_deepslate":26,"xercamod:item_tomato_seeds":1,"minecraft:white_wool":4,"minecraft:egg":2},"minecraft:crafted":{"minecraft:oak_planks":20,"minecraft:crafting_table":1,"minecraft:stick":8,"minecraft:wooden_pickaxe":1,"minecraft:stone_pickaxe":1,"minecraft:stone_sword":1,"minecraft:stone_axe":1},"minecraft:custom":{"minecraft:time_since_rest":30510,"minecraft:sprint_one_cm":35789,"minecraft:damage_taken":505,"minecraft:walk_one_cm":39708,"minecraft:mob_kills":4,"minecraft:damage_dealt":790,"minecraft:swim_one_cm":9186,"minecraft:interact_with_crafting_table":2,"minecraft:fly_one_cm":29439,"minecraft:crouch_one_cm":298,"minecraft:play_time":59851,"minecraft:deaths":1,"minecraft:sneak_time":699,"minecraft:walk_under_water_one_cm":9529,"minecraft:jump":221,"minecraft:leave_game":4,"minecraft:walk_on_water_one_cm":4584,"minecraft:time_since_death":31211,"minecraft:climb_one_cm":1409,"minecraft:total_world_time":59851,"minecraft:fall_one_cm":3662}},"DataVersion":3465}