{"stats":{"minecraft:broken":{"minecraft:stone_pickaxe":1},"minecraft:used":{"minecraft:cooked_mutton":4,"croptopia:grape":1,"minecraft:stone_sword":18,"minecraft:stone_pickaxe":133,"minecraft:chest":1,"minecraft:wooden_pickaxe":32,"minecraft:cooked_chicken":1,"minecraft:torch":9,"minecraft:crafting_table":2,"minecraft:white_bed":1,"minecraft:granite":30,"farmersdelight:ham":1,"minecraft:stone_axe":26,"minecraft:diamond_sword":11,"minecraft:furnace":1,"tombstone:gift":3,"minecraft:cobbled_deepslate":17},"minecraft:killed_by":{"minecraft:zombie":1},"minecraft:killed":{"untamedwilds:big_cat":1,"minecraft:sheep":7},"minecraft:mined":{"biomesoplenty:orange_autumn_leaves":6,"minecraft:spruce_planks":4,"croptopia:grape_crop":1,"minecraft:dark_oak_log":9,"minecraft:crafting_table":1,"butchersdelight:deadsheepblock":2,"minecraft:granite":60,"minecraft:grass_block":8,"minecraft:dead_bush":1,"minecraft:tall_grass":3,"biomesoplenty:sprout":1,"minecraft:sugar_cane":2,"minecraft:wall_torch":8,"theurgy:deepslate_sal_ammoniac_ore":6,"minecraft:seagrass":1,"minecraft:iron_ore":16,"minecraft:cobbled_deepslate":7,"minecraft:deepslate_lapis_ore":3,"minecraft:grass":22,"k_turrets:titanium_ore":12,"minecraft:oak_log":5,"minecraft:coal_ore":9,"minecraft:dirt":1,"minecraft:stone":19,"minecraft:deepslate":23},"minecraft:picked_up":{"occultism:datura_seeds":1,"xercamod:item_rice_seeds":1,"minecraft:crafting_table":1,"minecraft:air":0,"minecraft:feather":2,"xercamod:item_tea_seeds":1,"minecraft:chicken":1,"croptopia:grape_seed":1,"minecraft:diamond_sword":1,"doggytalents:rice_grains":3,"butchersdelight:deadpig":2,"minecraft:oak_log":38,"minecraft:lapis_lazuli":19,"minecraft:dirt":9,"tombstone:gift":1,"butchersdelight:deadchiken":2,"minecraft:bone":3,"theurgy:sal_ammoniac_crystal":6,"minecraft:wheat_seeds":4,"minecraft:cobbled_deepslate":28,"minecraft:spruce_planks":4,"xercamod:item_tomato_seeds":1,"minecraft:sugar_cane":6,"minecraft:egg":2,"minecraft:raw_iron":15,"minecraft:torch":7,"minecraft:porkchop":4,"farmersdelight:ham":2,"minecraft:dark_oak_log":5,"croptopia:grape":1,"untamedwilds:hide_gray":2,"butchersdelight:sheephide":4,"butchersdelight:deadsheep":9,"k_turrets:raw_titanium":11,"minecraft:granite":58,"minecraft:oak_sapling":1,"minecraft:mutton":4,"minecraft:coal":8,"minecraft:white_wool":6,"minecraft:cobblestone":18},"minecraft:crafted":{"minecraft:oak_planks":20,"minecraft:cooked_porkchop":4,"minecraft:crafting_table":1,"minecraft:wooden_pickaxe":1,"minecraft:cooked_chicken":1,"minecraft:furnace":1,"minecraft:stone_axe":1,"minecraft:cooked_mutton":4,"minecraft:air":0,"minecraft:stick":12,"minecraft:stone_pickaxe":2,"minecraft:white_bed":1,"minecraft:stone_sword":1,"minecraft:chest":1,"minecraft:torch":4,"minecraft:dark_oak_planks":20,"aquaculture:wooden_fillet_knife":1},"minecraft:custom":{"minecraft:interact_with_furnace":8,"minecraft:mob_kills":8,"minecraft:interact_with_crafting_table":11,"minecraft:leave_game":4,"minecraft:time_since_death":67211,"minecraft:sleep_in_bed":1,"minecraft:climb_one_cm":1409,"minecraft:time_since_rest":16589,"minecraft:sprint_one_cm":73062,"minecraft:damage_taken":1000,"minecraft:walk_one_cm":91068,"minecraft:damage_dealt":1370,"minecraft:swim_one_cm":10824,"minecraft:fly_one_cm":51967,"minecraft:open_chest":14,"minecraft:crouch_one_cm":1667,"minecraft:play_time":95851,"minecraft:deaths":1,"minecraft:sneak_time":1657,"minecraft:walk_under_water_one_cm":10600,"minecraft:jump":508,"minecraft:walk_on_water_one_cm":6222,"minecraft:total_world_time":95851,"minecraft:fall_one_cm":7979}},"DataVersion":3465}