[
  {
    "uuid": "65de2d82-b0bf-46d3-8c81-8ba259fcc9b9",
    "displayName": {
      "insertion": "da12vid14",
      "clickEvent": {
        "action": "suggest_command",
        "value": "/tell da12vid14 "
      },
      "hoverEvent": {
        "action": "show_entity",
        "contents": {
          "type": "minecraft:player",
          "id": "65de2d82-b0bf-46d3-8c81-8ba259fcc9b9",
          "name": {
            "text": "da12vid14"
          }
        }
      },
      "extra": [
        {
          "text": "da12vid14"
        }
      ],
      "text": ""
    },
    "animation": "null"
  },
  {
    "uuid": "296ec0dc-e5b6-4329-9a4f-6c4df8caf34e",
    "displayName": {
      "insertion": "IAM_Popeye",
      "clickEvent": {
        "action": "suggest_command",
        "value": "/tell IAM_Popeye "
      },
      "hoverEvent": {
        "action": "show_entity",
        "contents": {
          "type": "minecraft:player",
          "id": "296ec0dc-e5b6-4329-9a4f-6c4df8caf34e",
          "name": {
            "text": "IAM_Popeye"
          }
        }
      },
      "extra": [
        {
          "text": "IAM_Popeye"
        }
      ],
      "text": ""
    },
    "animation": "null"
  }
]